faculty,department,program_name,score_type,scholarship_type,observed_years,years_with_placed_data,estimated_4_cohort_placed_students
Mühendislik ve Mimarlık Fakültesi,Bilgisayar Mühendisliği,Bilgisayar Mühendisliği (İngilizce) (Burslu) (4 Yıllık),SAY,Burslu,2022|2023|2024|2025,4,43
Mühendislik ve Mimarlık Fakültesi,Bilgisayar Mühendisliği,Bilgisayar Mühendisliği (Burslu) (4 Yıllık),SAY,Burslu,2022|2023|2024|2025,3,
Mühendislik ve Mimarlık Fakültesi,Yazılım Mühendisliği,Yazılım Mühendisliği (İngilizce) (Burslu) (4 Yıllık),SAY,Burslu,2022|2023|2024|2025,4,39
Mühendislik ve Mimarlık Fakültesi,Elektrik-Elektronik Mühendisliği,Elektrik-Elektronik Mühendisliği (İngilizce) (Burslu) (4 Yıllık),SAY,Burslu,2022|2023|2024|2025,4,32
Mühendislik ve Mimarlık Fakültesi,Endüstri Mühendisliği,Endüstri Mühendisliği (İngilizce) (Burslu) (4 Yıllık),SAY,Burslu,2022|2023|2024|2025,4,26
Mühendislik ve Mimarlık Fakültesi,Bilişim Sistemleri Mühendisliği,Bilişim Sistemleri Mühendisliği (İngilizce) (Burslu) (4 Yıllık),SAY,Burslu,2022|2023|2024|2025,4,38
Mühendislik ve Mimarlık Fakültesi,Bilgisayar Mühendisliği,Bilgisayar Mühendisliği (%50 İndirimli) (4 Yıllık),SAY,%50 İndirimli,2022|2023|2024|2025,3,
Mühendislik ve Mimarlık Fakültesi,Bilgisayar Mühendisliği,Bilgisayar Mühendisliği (İngilizce) (%50 İndirimli) (4 Yıllık),SAY,%50 İndirimli,2022|2023|2024|2025,4,166
Mühendislik ve Mimarlık Fakültesi,Bilişim Sistemleri Mühendisliği,Bilişim Sistemleri Mühendisliği (İngilizce) (%50 İndirimli) (4 Yıllık),SAY,%50 İndirimli,2022|2023|2024|2025,4,81
Mühendislik ve Mimarlık Fakültesi,Elektrik-Elektronik Mühendisliği,Elektrik-Elektronik Mühendisliği (İngilizce) (%50 İndirimli) (4 Yıllık),SAY,%50 İndirimli,2022|2023|2024|2025,4,92
Mühendislik ve Mimarlık Fakültesi,Endüstri Mühendisliği,Endüstri Mühendisliği (İngilizce) (%50 İndirimli) (4 Yıllık),SAY,%50 İndirimli,2022|2023|2024|2025,4,76
Mühendislik ve Mimarlık Fakültesi,Yazılım Mühendisliği,Yazılım Mühendisliği (İngilizce) (%50 İndirimli) (4 Yıllık),SAY,%50 İndirimli,2022|2023|2024|2025,4,109
Mühendislik ve Mimarlık Fakültesi,Bilgisayar Mühendisliği,Bilgisayar Mühendisliği (İngilizce) (Ücretli) (4 Yıllık),SAY,Ücretli,2022|2023|2024|2025,3,
Güzel Sanatlar ve Tasarım Fakültesi,Yeni Medya ve İletişim,Yeni Medya ve İletişim (İngilizce) (Burslu) (4 Yıllık),SÖZ,Burslu,2022|2023|2024|2025,4,24
Güzel Sanatlar ve Tasarım Fakültesi,Film Tasarımı ve Yönetimi,Film Tasarımı ve Yönetimi (İngilizce) (Burslu) (4 Yıllık),SÖZ,Burslu,2022|2023|2024|2025,4,16
Güzel Sanatlar ve Tasarım Fakültesi,Film Tasarımı ve Yönetimi,Film Tasarımı ve Yönetimi (İngilizce) (%50 İndirimli) (4 Yıllık),SÖZ,%50 İndirimli,2022|2023|2024|2025,4,63
Güzel Sanatlar ve Tasarım Fakültesi,Yeni Medya ve İletişim,Yeni Medya ve İletişim (İngilizce) (%50 İndirimli) (4 Yıllık),SÖZ,%50 İndirimli,2022|2023|2024|2025,4,75
Hukuk Fakültesi,Hukuk,Hukuk (Burslu) (4 Yıllık),EA,Burslu,2022|2023|2024|2025,4,88
İnsan ve Toplum Bilimleri Fakültesi,Yönetim Bilişim Sistemleri,Yönetim Bilişim Sistemleri (İngilizce) (Burslu) (4 Yıllık),EA,Burslu,2022|2023|2024|2025,4,29
İnsan ve Toplum Bilimleri Fakültesi,Psikoloji,Psikoloji (İngilizce) (Burslu) (4 Yıllık),EA,Burslu,2022|2023|2024|2025,4,44
İnsan ve Toplum Bilimleri Fakültesi,Psikoloji,Psikoloji (Burslu) (4 Yıllık),EA,Burslu,2022|2023|2024|2025,4,45
İnsan ve Toplum Bilimleri Fakültesi,Yönetim Bilişim Sistemleri,Yönetim Bilişim Sistemleri (Burslu) (4 Yıllık),EA,Burslu,2022|2023|2024|2025,3,
Güzel Sanatlar ve Tasarım Fakültesi,İç Mimarlık ve Çevre Tasarımı,İç Mimarlık ve Çevre Tasarımı (İngilizce) (Burslu) (4 Yıllık),EA,Burslu,2022|2023|2024|2025,4,23
Hukuk Fakültesi,Hukuk,Hukuk (%50 İndirimli) (4 Yıllık),EA,%50 İndirimli,2022|2023|2024|2025,3,
İnsan ve Toplum Bilimleri Fakültesi,İşletme,İşletme (İngilizce) (Burslu) (4 Yıllık),EA,Burslu,2022|2023|2024|2025,4,22
İnsan ve Toplum Bilimleri Fakültesi,Siyaset Bilimi ve Kamu Yönetimi,Siyaset Bilimi ve Kamu Yönetimi (İngilizce) (Burslu) (4 Yıllık),EA,Burslu,2022|2023|2024|2025,4,25
İnsan ve Toplum Bilimleri Fakültesi,Psikoloji,Psikoloji (Ücretli) (4 Yıllık),EA,Ücretli,2022|2023|2024|2025,4,80
İnsan ve Toplum Bilimleri Fakültesi,Psikoloji,Psikoloji (%50 İndirimli) (4 Yıllık),EA,%50 İndirimli,2022|2023|2024|2025,4,148
Güzel Sanatlar ve Tasarım Fakültesi,İç Mimarlık ve Çevre Tasarımı,İç Mimarlık ve Çevre Tasarımı (İngilizce) (%50 İndirimli) (4 Yıllık),EA,%50 İndirimli,2022|2023|2024|2025,4,108
İnsan ve Toplum Bilimleri Fakültesi,Psikoloji,Psikoloji (İngilizce) (Ücretli) (4 Yıllık),EA,Ücretli,2022|2023|2024|2025,4,108
Güzel Sanatlar ve Tasarım Fakültesi,İç Mimarlık ve Çevre Tasarımı,İç Mimarlık ve Çevre Tasarımı (İngilizce) (Ücretli) (4 Yıllık),EA,Ücretli,2022|2023|2024|2025,4,14
İnsan ve Toplum Bilimleri Fakültesi,Yönetim Bilişim Sistemleri,Yönetim Bilişim Sistemleri (Ücretli) (4 Yıllık),EA,Ücretli,2022|2023|2024|2025,3,
İnsan ve Toplum Bilimleri Fakültesi,Yönetim Bilişim Sistemleri,Yönetim Bilişim Sistemleri (İngilizce) (Ücretli) (4 Yıllık),EA,Ücretli,2022|2023|2024|2025,4,17
İnsan ve Toplum Bilimleri Fakültesi,İşletme,İşletme (İngilizce) (%50 İndirimli) (4 Yıllık),EA,%50 İndirimli,2022|2023|2024|2025,4,102
İnsan ve Toplum Bilimleri Fakültesi,Psikoloji,Psikoloji (İngilizce) (%50 İndirimli) (4 Yıllık),EA,%50 İndirimli,2022|2023|2024|2025,3,
İnsan ve Toplum Bilimleri Fakültesi,Siyaset Bilimi ve Kamu Yönetimi,Siyaset Bilimi ve Kamu Yönetimi (İngilizce) (%50 İndirimli) (4 Yıllık),EA,%50 İndirimli,2022|2023|2024|2025,4,74
İnsan ve Toplum Bilimleri Fakültesi,Yönetim Bilişim Sistemleri,Yönetim Bilişim Sistemleri (%50 İndirimli) (4 Yıllık),EA,%50 İndirimli,2022|2023|2024|2025,3,
İnsan ve Toplum Bilimleri Fakültesi,Yönetim Bilişim Sistemleri,Yönetim Bilişim Sistemleri (İngilizce) (%50 İndirimli) (4 Yıllık),EA,%50 İndirimli,2022|2023|2024|2025,4,111
İnsan ve Toplum Bilimleri Fakültesi,İngilizce Mütercim ve Tercümanlık,İngilizce Mütercim ve Tercümanlık (Burslu) (4 Yıllık),DİL,Burslu,2022|2023|2024|2025,4,28
İnsan ve Toplum Bilimleri Fakültesi,İngilizce Mütercim ve Tercümanlık,İngilizce Mütercim ve Tercümanlık (%50 İndirimli) (4 Yıllık),DİL,%50 İndirimli,2022|2023|2024|2025,4,131
İnsan ve Toplum Bilimleri Fakültesi,İngilizce Mütercim ve Tercümanlık,İngilizce Mütercim ve Tercümanlık (Ücretli) (4 Yıllık),DİL,Ücretli,2022|2023|2024|2025,3,
Meslek Yüksekokulu,İnsansız Hava Aracı Teknolojisi ve Operatörlüğü,İnsansız Hava Aracı Teknolojisi ve Operatörlüğü (Burslu) (2 Yıllık),TYT,Burslu,2022|2023|2024|2025,3,
Meslek Yüksekokulu,Bilişim Güvenliği Teknolojisi,Bilişim Güvenliği Teknolojisi (Burslu) (2 Yıllık),TYT,Burslu,2022|2023|2024|2025,3,
Meslek Yüksekokulu,Bilgisayar Programcılığı,Bilgisayar Programcılığı (Burslu) (2 Yıllık),TYT,Burslu,2022|2023|2024|2025,3,
Meslek Yüksekokulu,Bilgisayar Destekli Tasarım ve Animasyon,Bilgisayar Destekli Tasarım ve Animasyon (Burslu) (2 Yıllık),TYT,Burslu,2022|2023|2024|2025,3,
Meslek Yüksekokulu,Web Tasarımı ve Kodlama,Web Tasarımı ve Kodlama (Burslu) (2 Yıllık),TYT,Burslu,2022|2023|2024|2025,2,
Meslek Yüksekokulu,E-Ticaret ve Pazarlama,E-Ticaret ve Pazarlama (Burslu) (2 Yıllık),TYT,Burslu,2022|2023|2024|2025,3,
Meslek Yüksekokulu,İnsansız Hava Aracı Teknolojisi ve Operatörlüğü,İnsansız Hava Aracı Teknolojisi ve Operatörlüğü (%50 İndirimli) (2 Yıllık),TYT,%50 İndirimli,2022|2023|2024|2025,3,
Meslek Yüksekokulu,Bilgisayar Programcılığı,Bilgisayar Programcılığı (%50 İndirimli) (2 Yıllık),TYT,%50 İndirimli,2022|2023|2024|2025,3,
Meslek Yüksekokulu,Bilgisayar Destekli Tasarım ve Animasyon,Bilgisayar Destekli Tasarım ve Animasyon (%50 İndirimli) (2 Yıllık),TYT,%50 İndirimli,2022|2023|2024|2025,3,
Meslek Yüksekokulu,Bilişim Güvenliği Teknolojisi,Bilişim Güvenliği Teknolojisi (%50 İndirimli) (2 Yıllık),TYT,%50 İndirimli,2022|2023|2024|2025,3,
Meslek Yüksekokulu,E-Ticaret ve Pazarlama,E-Ticaret ve Pazarlama (%50 İndirimli) (2 Yıllık),TYT,%50 İndirimli,2022|2023|2024|2025,3,
Meslek Yüksekokulu,Web Tasarımı ve Kodlama,Web Tasarımı ve Kodlama (%50 İndirimli) (2 Yıllık),TYT,%50 İndirimli,2022|2023|2024|2025,2,
