abu_program_key,peer_program_key,relation,peer_university,peer_program_code
BILGISAYAR PROGRAMCILIGI,BILGISAYAR PROGRAMCILIGI,same,ANKARA MEDİPOL ÜNİVERSİTESİ,209210039
BILGISAYAR PROGRAMCILIGI,BILGISAYAR PROGRAMCILIGI,same,ANKARA YILDIRIM BEYAZIT ÜNİVERSİTESİ,110090119
BILGISAYAR PROGRAMCILIGI,BILGISAYAR PROGRAMCILIGI,same,ANKARA ÜNİVERSİTESİ,101100584
BILGISAYAR PROGRAMCILIGI,BILGISAYAR PROGRAMCILIGI,same,BAŞKENT ÜNİVERSİTESİ (ANKARA),200651609
BILGISAYAR PROGRAMCILIGI,BILGISAYAR PROGRAMCILIGI,same,GAZİ ÜNİVERSİTESİ (ANKARA),104151003
BILGISAYAR PROGRAMCILIGI,BILGISAYAR PROGRAMCILIGI,same,HACETTEPE ÜNİVERSİTESİ (ANKARA),104850652
BILGISAYAR PROGRAMCILIGI,BILGISAYAR PROGRAMCILIGI,same,OSTİM TEKNİK ÜNİVERSİTESİ (ANKARA),209100108
BILGISAYAR PROGRAMCILIGI,BILGISAYAR PROGRAMCILIGI,same,UFUK ÜNİVERSİTESİ (ANKARA),205850278
BILGISAYAR PROGRAMCILIGI,BILGISAYAR PROGRAMCILIGI,same,YÜKSEK İHTİSAS ÜNİVERSİTESİ (ANKARA),207950125
BILGISAYAR PROGRAMCILIGI,BILGISAYAR PROGRAMCILIGI,same,ÇANKAYA ÜNİVERSİTESİ (ANKARA),201190062
BILGISAYAR PROGRAMCILIGI,SIBER GUVENLIK ANALISTLIGI VE OPERATORLUGU,similar,ANKARA ÜNİVERSİTESİ,101190675
BILGISAYAR PROGRAMCILIGI,WEB TASARIMI VE KODLAMA,similar,ANKARA ÜNİVERSİTESİ,101190612
BILGISAYAR PROGRAMCILIGI,BILISIM GUVENLIGI TEKNOLOJISI,similar,GAZİ ÜNİVERSİTESİ (ANKARA),104190553
BILGISAYAR PROGRAMCILIGI,BILISIM GUVENLIGI TEKNOLOJISI,similar,OSTİM TEKNİK ÜNİVERSİTESİ (ANKARA),209100122
BILGISAYAR PROGRAMCILIGI,BILISIM GUVENLIGI TEKNOLOJISI,similar,UFUK ÜNİVERSİTESİ (ANKARA),205850540
BILISIM GUVENLIGI TEKNOLOJISI,BILISIM GUVENLIGI TEKNOLOJISI,same,GAZİ ÜNİVERSİTESİ (ANKARA),104190553
BILISIM GUVENLIGI TEKNOLOJISI,BILISIM GUVENLIGI TEKNOLOJISI,same,OSTİM TEKNİK ÜNİVERSİTESİ (ANKARA),209100122
BILISIM GUVENLIGI TEKNOLOJISI,BILISIM GUVENLIGI TEKNOLOJISI,same,UFUK ÜNİVERSİTESİ (ANKARA),205850540
BILISIM GUVENLIGI TEKNOLOJISI,BILGISAYAR PROGRAMCILIGI,similar,ANKARA MEDİPOL ÜNİVERSİTESİ,209210039
BILISIM GUVENLIGI TEKNOLOJISI,BILGISAYAR PROGRAMCILIGI,similar,ANKARA YILDIRIM BEYAZIT ÜNİVERSİTESİ,110090119
BILISIM GUVENLIGI TEKNOLOJISI,BILGISAYAR PROGRAMCILIGI,similar,ANKARA ÜNİVERSİTESİ,101100584
BILISIM GUVENLIGI TEKNOLOJISI,SIBER GUVENLIK ANALISTLIGI VE OPERATORLUGU,similar,ANKARA ÜNİVERSİTESİ,101190675
BILISIM GUVENLIGI TEKNOLOJISI,BILGISAYAR PROGRAMCILIGI,similar,BAŞKENT ÜNİVERSİTESİ (ANKARA),200651609
BILISIM GUVENLIGI TEKNOLOJISI,BILGISAYAR PROGRAMCILIGI,similar,GAZİ ÜNİVERSİTESİ (ANKARA),104151003
BILISIM GUVENLIGI TEKNOLOJISI,BILGISAYAR PROGRAMCILIGI,similar,HACETTEPE ÜNİVERSİTESİ (ANKARA),104850652
BILISIM GUVENLIGI TEKNOLOJISI,BILGISAYAR PROGRAMCILIGI,similar,OSTİM TEKNİK ÜNİVERSİTESİ (ANKARA),209100108
BILISIM GUVENLIGI TEKNOLOJISI,BILGISAYAR PROGRAMCILIGI,similar,UFUK ÜNİVERSİTESİ (ANKARA),205850278
BILISIM GUVENLIGI TEKNOLOJISI,BILGISAYAR PROGRAMCILIGI,similar,YÜKSEK İHTİSAS ÜNİVERSİTESİ (ANKARA),207950125
BILISIM GUVENLIGI TEKNOLOJISI,BILGISAYAR PROGRAMCILIGI,similar,ÇANKAYA ÜNİVERSİTESİ (ANKARA),201190062
BUSINESS_ADMIN,BUSINESS_ADMIN,same,ANKARA HACI BAYRAM VELİ ÜNİVERSİTESİ,111710457
BUSINESS_ADMIN,BUSINESS_ADMIN,same,ANKARA MEDİPOL ÜNİVERSİTESİ,209200374
BUSINESS_ADMIN,BUSINESS_ADMIN,same,ANKARA SOSYAL BİLİMLER ÜNİVERSİTESİ,110910095
BUSINESS_ADMIN,BUSINESS_ADMIN,same,ANKARA YILDIRIM BEYAZIT ÜNİVERSİTESİ,110010183
BUSINESS_ADMIN,BUSINESS_ADMIN,same,ANKARA ÜNİVERSİTESİ,101190745
BUSINESS_ADMIN,BUSINESS_ADMIN,same,ATILIM ÜNİVERSİTESİ (ANKARA),200290166
BUSINESS_ADMIN,BUSINESS_ADMIN,same,BAŞKENT ÜNİVERSİTESİ (ANKARA),200610321
BUSINESS_ADMIN,BUSINESS_ADMIN,same,HACETTEPE ÜNİVERSİTESİ (ANKARA),104810432
BUSINESS_ADMIN,BUSINESS_ADMIN,same,ORTA DOĞU TEKNİK ÜNİVERSİTESİ (ANKARA),108410212
BUSINESS_ADMIN,BUSINESS_ADMIN,same,OSTİM TEKNİK ÜNİVERSİTESİ (ANKARA),209100157
BUSINESS_ADMIN,BUSINESS_ADMIN,same,TED ÜNİVERSİTESİ (ANKARA),206700122
BUSINESS_ADMIN,BUSINESS_ADMIN,same,TOBB EKONOMİ VE TEKNOLOJİ ÜNİVERSİTESİ (ANKARA),205410308
BUSINESS_ADMIN,BUSINESS_ADMIN,same,TÜRK HAVA KURUMU ÜNİVERSİTESİ (ANKARA),205710526
BUSINESS_ADMIN,BUSINESS_ADMIN,same,UFUK ÜNİVERSİTESİ (ANKARA),205810234
BUSINESS_ADMIN,BUSINESS_ADMIN,same,ÇANKAYA ÜNİVERSİTESİ (ANKARA),201110517
BUSINESS_ADMIN,BUSINESS_ADMIN,same,İHSAN DOĞRAMACI BİLKENT ÜNİVERSİTESİ (ANKARA),202110726
BUSINESS_ADMIN,MALIYE,similar,ANKARA HACI BAYRAM VELİ ÜNİVERSİTESİ,111710475
BUSINESS_ADMIN,MIS,similar,ANKARA HACI BAYRAM VELİ ÜNİVERSİTESİ,111790346
BUSINESS_ADMIN,ULUSLARARASI TICARET VE FINANSMAN,similar,ANKARA HACI BAYRAM VELİ ÜNİVERSİTESİ,111790327
BUSINESS_ADMIN,MIS,similar,ANKARA MEDİPOL ÜNİVERSİTESİ,209210065
BUSINESS_ADMIN,ULUSLARARASI TICARET VE FINANSMAN,similar,ANKARA MEDİPOL ÜNİVERSİTESİ,209210063
BUSINESS_ADMIN,MALIYE,similar,ANKARA YILDIRIM BEYAZIT ÜNİVERSİTESİ,110010095
BUSINESS_ADMIN,MIS,similar,ANKARA YILDIRIM BEYAZIT ÜNİVERSİTESİ,110010217
BUSINESS_ADMIN,ULUSLARARASI TICARET VE ISLETMECILIK,similar,ANKARA YILDIRIM BEYAZIT ÜNİVERSİTESİ,110010192
BUSINESS_ADMIN,ULUSLARARASI TICARET VE LOJISTIK,similar,ANKARA YILDIRIM BEYAZIT ÜNİVERSİTESİ,110090095
BUSINESS_ADMIN,MALIYE,similar,ANKARA ÜNİVERSİTESİ,101190752
BUSINESS_ADMIN,MIS,similar,ANKARA ÜNİVERSİTESİ,101190521
BUSINESS_ADMIN,MALIYE,similar,ATILIM ÜNİVERSİTESİ (ANKARA),200211402
BUSINESS_ADMIN,ULUSLARARASI TICARET VE LOJISTIK,similar,ATILIM ÜNİVERSİTESİ (ANKARA),200210785
BUSINESS_ADMIN,MIS,similar,BAŞKENT ÜNİVERSİTESİ (ANKARA),200610781
BUSINESS_ADMIN,ULUSLARARASI TICARET VE FINANSMAN,similar,BAŞKENT ÜNİVERSİTESİ (ANKARA),200690502
BUSINESS_ADMIN,MIS,similar,GAZİ ÜNİVERSİTESİ (ANKARA),104190568
BUSINESS_ADMIN,MALIYE,similar,HACETTEPE ÜNİVERSİTESİ (ANKARA),104810441
BUSINESS_ADMIN,EKONOMI,similar,OSTİM TEKNİK ÜNİVERSİTESİ (ANKARA),209110042
BUSINESS_ADMIN,MIS,similar,OSTİM TEKNİK ÜNİVERSİTESİ (ANKARA),209110044
BUSINESS_ADMIN,ULUSLARARASI TICARET VE FINANSMAN,similar,OSTİM TEKNİK ÜNİVERSİTESİ (ANKARA),209110138
BUSINESS_ADMIN,MIS,similar,TOBB EKONOMİ VE TEKNOLOJİ ÜNİVERSİTESİ (ANKARA),205400164
BUSINESS_ADMIN,MIS,similar,TÜRK HAVA KURUMU ÜNİVERSİTESİ (ANKARA),205750158
BUSINESS_ADMIN,MIS,similar,UFUK ÜNİVERSİTESİ (ANKARA),205810349
BUSINESS_ADMIN,ULUSLARARASI TICARET VE FINANSMAN,similar,UFUK ÜNİVERSİTESİ (ANKARA),205850544
BUSINESS_ADMIN,MIS,similar,ÇANKAYA ÜNİVERSİTESİ (ANKARA),201190060
BUSINESS_ADMIN,ULUSLARARASI TICARET VE FINANSMAN,similar,ÇANKAYA ÜNİVERSİTESİ (ANKARA),201190058
COMPUTER_ENG,COMPUTER_ENG,same,ANKARA MEDİPOL ÜNİVERSİTESİ,209200444
COMPUTER_ENG,COMPUTER_ENG,same,ANKARA YILDIRIM BEYAZIT ÜNİVERSİTESİ,110010032
COMPUTER_ENG,COMPUTER_ENG,same,ANKARA ÜNİVERSİTESİ,101110581
COMPUTER_ENG,COMPUTER_ENG,same,ATILIM ÜNİVERSİTESİ (ANKARA),200210325
COMPUTER_ENG,COMPUTER_ENG,same,BAŞKENT ÜNİVERSİTESİ (ANKARA),200690872
COMPUTER_ENG,COMPUTER_ENG,same,GAZİ ÜNİVERSİTESİ (ANKARA),104110624
COMPUTER_ENG,COMPUTER_ENG,same,HACETTEPE ÜNİVERSİTESİ (ANKARA),104800535
COMPUTER_ENG,COMPUTER_ENG,same,ORTA DOĞU TEKNİK ÜNİVERSİTESİ (ANKARA),108410336
COMPUTER_ENG,COMPUTER_ENG,same,OSTİM TEKNİK ÜNİVERSİTESİ (ANKARA),209110066
COMPUTER_ENG,COMPUTER_ENG,same,TED ÜNİVERSİTESİ (ANKARA),206700143
COMPUTER_ENG,COMPUTER_ENG,same,TOBB EKONOMİ VE TEKNOLOJİ ÜNİVERSİTESİ (ANKARA),205410326
COMPUTER_ENG,COMPUTER_ENG,same,TÜRK HAVA KURUMU ÜNİVERSİTESİ (ANKARA),205710623
COMPUTER_ENG,COMPUTER_ENG,same,TÜRK-JAPON BİLİM VE TEKNOLOJİ ÜNİVERSİTESİ,113200101
COMPUTER_ENG,COMPUTER_ENG,same,UFUK ÜNİVERSİTESİ (ANKARA),205850710
COMPUTER_ENG,COMPUTER_ENG,same,ÇANKAYA ÜNİVERSİTESİ (ANKARA),201110544
COMPUTER_ENG,COMPUTER_ENG,same,İHSAN DOĞRAMACI BİLKENT ÜNİVERSİTESİ (ANKARA),202110735
COMPUTER_ENG,YAPAY ZEKA DESTEKLI TASARIM VE ANIMASYON,similar,ANKARA MEDİPOL ÜNİVERSİTESİ,209200178
COMPUTER_ENG,YAPAY ZEKA DESTEKLI WEB TASARIMI VE KODLAMA,similar,ANKARA MEDİPOL ÜNİVERSİTESİ,209200192
COMPUTER_ENG,SOFTWARE_ENG,similar,ANKARA YILDIRIM BEYAZIT ÜNİVERSİTESİ,110090116
COMPUTER_ENG,BILGISAYAR BILIMLERI,similar,ANKARA ÜNİVERSİTESİ,101190633
COMPUTER_ENG,SOFTWARE_ENG,similar,ANKARA ÜNİVERSİTESİ,101190584
COMPUTER_ENG,YAPAY ZEKA VE VERI MUHENDISLIGI,similar,ANKARA ÜNİVERSİTESİ,101190577
COMPUTER_ENG,INFO_SYS_ENG,similar,ATILIM ÜNİVERSİTESİ (ANKARA),200210352
COMPUTER_ENG,SOFTWARE_ENG,similar,ATILIM ÜNİVERSİTESİ (ANKARA),200210564
COMPUTER_ENG,AI_ENG,similar,BAŞKENT ÜNİVERSİTESİ (ANKARA),200690899
COMPUTER_ENG,YAPAY ZEKA VE VERI MUHENDISLIGI,similar,HACETTEPE ÜNİVERSİTESİ (ANKARA),104800542
COMPUTER_ENG,AI_ENG,similar,OSTİM TEKNİK ÜNİVERSİTESİ (ANKARA),209110131
COMPUTER_ENG,SOFTWARE_ENG,similar,OSTİM TEKNİK ÜNİVERSİTESİ (ANKARA),209110040
COMPUTER_ENG,SOFTWARE_ENG,similar,TED ÜNİVERSİTESİ (ANKARA),206710459
COMPUTER_ENG,AI_ENG,similar,TOBB EKONOMİ VE TEKNOLOJİ ÜNİVERSİTESİ (ANKARA),205490117
COMPUTER_ENG,SOFTWARE_ENG,similar,TÜRK HAVA KURUMU ÜNİVERSİTESİ (ANKARA),205750169
COMPUTER_ENG,YAPAY ZEKA OPERATORLUGU,similar,TÜRK HAVA KURUMU ÜNİVERSİTESİ (ANKARA),205700115
COMPUTER_ENG,BILGISAYAR BILIMLERI,similar,ÇANKAYA ÜNİVERSİTESİ (ANKARA),201190104
COMPUTER_ENG,SOFTWARE_ENG,similar,ÇANKAYA ÜNİVERSİTESİ (ANKARA),201190054
E TICARET VE PAZARLAMA,E TICARET VE PAZARLAMA,same,ATILIM ÜNİVERSİTESİ (ANKARA),200290278
E TICARET VE PAZARLAMA,E TICARET VE PAZARLAMA,same,OSTİM TEKNİK ÜNİVERSİTESİ (ANKARA),209110035
E TICARET VE PAZARLAMA,E TICARET VE PAZARLAMA,same,ÇANKAYA ÜNİVERSİTESİ (ANKARA),201190076
E TICARET VE PAZARLAMA,BUSINESS_ADMIN,similar,ANKARA HACI BAYRAM VELİ ÜNİVERSİTESİ,111710457
E TICARET VE PAZARLAMA,HALKLA ILISKILER VE TANITIM,similar,ANKARA HACI BAYRAM VELİ ÜNİVERSİTESİ,111710509
E TICARET VE PAZARLAMA,BUSINESS_ADMIN,similar,ANKARA MEDİPOL ÜNİVERSİTESİ,209200374
E TICARET VE PAZARLAMA,HALKLA ILISKILER VE REKLAMCILIK,similar,ANKARA MEDİPOL ÜNİVERSİTESİ,209210085
E TICARET VE PAZARLAMA,PAZARLAMA,similar,ANKARA MEDİPOL ÜNİVERSİTESİ,209210090
E TICARET VE PAZARLAMA,BUSINESS_ADMIN,similar,ANKARA SOSYAL BİLİMLER ÜNİVERSİTESİ,110910095
E TICARET VE PAZARLAMA,BUSINESS_ADMIN,similar,ANKARA YILDIRIM BEYAZIT ÜNİVERSİTESİ,110010183
E TICARET VE PAZARLAMA,HALKLA ILISKILER VE REKLAMCILIK,similar,ANKARA YILDIRIM BEYAZIT ÜNİVERSİTESİ,110090263
E TICARET VE PAZARLAMA,ISLETME YONETIMI,similar,ANKARA YILDIRIM BEYAZIT ÜNİVERSİTESİ,110090026
E TICARET VE PAZARLAMA,BUSINESS_ADMIN,similar,ANKARA ÜNİVERSİTESİ,101190745
E TICARET VE PAZARLAMA,HALKLA ILISKILER VE TANITIM,similar,ANKARA ÜNİVERSİTESİ,101110563
E TICARET VE PAZARLAMA,BUSINESS_ADMIN,similar,ATILIM ÜNİVERSİTESİ (ANKARA),200290166
E TICARET VE PAZARLAMA,HALKLA ILISKILER VE REKLAMCILIK,similar,ATILIM ÜNİVERSİTESİ (ANKARA),200210149
E TICARET VE PAZARLAMA,BUSINESS_ADMIN,similar,BAŞKENT ÜNİVERSİTESİ (ANKARA),200610321
E TICARET VE PAZARLAMA,HALKLA ILISKILER VE TANITIM,similar,BAŞKENT ÜNİVERSİTESİ (ANKARA),200690536
E TICARET VE PAZARLAMA,ISLETME YONETIMI,similar,BAŞKENT ÜNİVERSİTESİ (ANKARA),200600430
E TICARET VE PAZARLAMA,BUSINESS_ADMIN,similar,HACETTEPE ÜNİVERSİTESİ (ANKARA),104810432
E TICARET VE PAZARLAMA,BUSINESS_ADMIN,similar,ORTA DOĞU TEKNİK ÜNİVERSİTESİ (ANKARA),108410212
E TICARET VE PAZARLAMA,BUSINESS_ADMIN,similar,OSTİM TEKNİK ÜNİVERSİTESİ (ANKARA),209100157
E TICARET VE PAZARLAMA,PAZARLAMA,similar,OSTİM TEKNİK ÜNİVERSİTESİ (ANKARA),209110062
E TICARET VE PAZARLAMA,BUSINESS_ADMIN,similar,TED ÜNİVERSİTESİ (ANKARA),206700122
E TICARET VE PAZARLAMA,BUSINESS_ADMIN,similar,TOBB EKONOMİ VE TEKNOLOJİ ÜNİVERSİTESİ (ANKARA),205410308
E TICARET VE PAZARLAMA,BUSINESS_ADMIN,similar,TÜRK HAVA KURUMU ÜNİVERSİTESİ (ANKARA),205710526
E TICARET VE PAZARLAMA,BUSINESS_ADMIN,similar,UFUK ÜNİVERSİTESİ (ANKARA),205810234
E TICARET VE PAZARLAMA,ISLETME YONETIMI,similar,UFUK ÜNİVERSİTESİ (ANKARA),205850312
E TICARET VE PAZARLAMA,BUSINESS_ADMIN,similar,ÇANKAYA ÜNİVERSİTESİ (ANKARA),201110517
E TICARET VE PAZARLAMA,HALKLA ILISKILER VE REKLAMCILIK,similar,ÇANKAYA ÜNİVERSİTESİ (ANKARA),201110808
E TICARET VE PAZARLAMA,BUSINESS_ADMIN,similar,İHSAN DOĞRAMACI BİLKENT ÜNİVERSİTESİ (ANKARA),202110726
EEE,EEE,same,ANKARA MEDİPOL ÜNİVERSİTESİ,209210110
EEE,EEE,same,ANKARA YILDIRIM BEYAZIT ÜNİVERSİTESİ,110010253
EEE,EEE,same,ANKARA ÜNİVERSİTESİ,101111191
EEE,EEE,same,ATILIM ÜNİVERSİTESİ (ANKARA),200210388
EEE,EEE,same,BAŞKENT ÜNİVERSİTESİ (ANKARA),200690875
EEE,EEE,same,GAZİ ÜNİVERSİTESİ (ANKARA),104110633
EEE,EEE,same,HACETTEPE ÜNİVERSİTESİ (ANKARA),104810511
EEE,EEE,same,ORTA DOĞU TEKNİK ÜNİVERSİTESİ (ANKARA),108410354
EEE,EEE,same,OSTİM TEKNİK ÜNİVERSİTESİ (ANKARA),209110089
EEE,EEE,same,TED ÜNİVERSİTESİ (ANKARA),206710584
EEE,EEE,same,TOBB EKONOMİ VE TEKNOLOJİ ÜNİVERSİTESİ (ANKARA),205410335
EEE,EEE,same,TÜRK HAVA KURUMU ÜNİVERSİTESİ (ANKARA),205710641
EEE,EEE,same,TÜRK-JAPON BİLİM VE TEKNOLOJİ ÜNİVERSİTESİ,113200115
EEE,EEE,same,ÇANKAYA ÜNİVERSİTESİ (ANKARA),201110738
EEE,EEE,same,İHSAN DOĞRAMACI BİLKENT ÜNİVERSİTESİ (ANKARA),202110744
EEE,MEKATRONIK,similar,ANKARA ÜNİVERSİTESİ,101190563
EEE,MEKATRONIK MUHENDISLIGI,similar,ATILIM ÜNİVERSİTESİ (ANKARA),200210501
EEE,KONTROL VE OTOMASYON TEKNOLOJISI,similar,BAŞKENT ÜNİVERSİTESİ (ANKARA),200651699
EEE,KONTROL VE OTOMASYON TEKNOLOJISI,similar,GAZİ ÜNİVERSİTESİ (ANKARA),104190554
EEE,MEKATRONIK,similar,GAZİ ÜNİVERSİTESİ (ANKARA),104151048
EEE,MEKATRONIK,similar,OSTİM TEKNİK ÜNİVERSİTESİ (ANKARA),209110025
EEE,MEKATRONIK MUHENDISLIGI,similar,ÇANKAYA ÜNİVERSİTESİ (ANKARA),201110402
ELEKTRONIK TEKNOLOJISI,ELEKTRONIK TEKNOLOJISI,same,ANKARA ÜNİVERSİTESİ,101150562
ELEKTRONIK TEKNOLOJISI,ELEKTRONIK TEKNOLOJISI,same,BAŞKENT ÜNİVERSİTESİ (ANKARA),200651733
ELEKTRONIK TEKNOLOJISI,ELEKTRONIK TEKNOLOJISI,same,GAZİ ÜNİVERSİTESİ (ANKARA),104151039
ELEKTRONIK TEKNOLOJISI,ELEKTRONIK TEKNOLOJISI,same,OSTİM TEKNİK ÜNİVERSİTESİ (ANKARA),209110013
ELEKTRONIK TEKNOLOJISI,EEE,similar,ANKARA MEDİPOL ÜNİVERSİTESİ,209210110
ELEKTRONIK TEKNOLOJISI,EEE,similar,ANKARA YILDIRIM BEYAZIT ÜNİVERSİTESİ,110010253
ELEKTRONIK TEKNOLOJISI,EEE,similar,ANKARA ÜNİVERSİTESİ,101111191
ELEKTRONIK TEKNOLOJISI,ELEKTRIK ENERJISI URETIM ILETIM VE DAGITIMI,similar,ANKARA ÜNİVERSİTESİ,101190780
ELEKTRONIK TEKNOLOJISI,MEKATRONIK,similar,ANKARA ÜNİVERSİTESİ,101190563
ELEKTRONIK TEKNOLOJISI,EEE,similar,ATILIM ÜNİVERSİTESİ (ANKARA),200210388
ELEKTRONIK TEKNOLOJISI,MEKATRONIK MUHENDISLIGI,similar,ATILIM ÜNİVERSİTESİ (ANKARA),200210501
ELEKTRONIK TEKNOLOJISI,EEE,similar,BAŞKENT ÜNİVERSİTESİ (ANKARA),200690875
ELEKTRONIK TEKNOLOJISI,EEE,similar,GAZİ ÜNİVERSİTESİ (ANKARA),104110633
ELEKTRONIK TEKNOLOJISI,ELEKTRIK ENERJISI URETIM ILETIM VE DAGITIMI,similar,GAZİ ÜNİVERSİTESİ (ANKARA),104151093
ELEKTRONIK TEKNOLOJISI,MEKATRONIK,similar,GAZİ ÜNİVERSİTESİ (ANKARA),104151048
ELEKTRONIK TEKNOLOJISI,EEE,similar,HACETTEPE ÜNİVERSİTESİ (ANKARA),104810511
ELEKTRONIK TEKNOLOJISI,ELEKTRIK,similar,HACETTEPE ÜNİVERSİTESİ (ANKARA),104850582
ELEKTRONIK TEKNOLOJISI,EEE,similar,ORTA DOĞU TEKNİK ÜNİVERSİTESİ (ANKARA),108410354
ELEKTRONIK TEKNOLOJISI,EEE,similar,OSTİM TEKNİK ÜNİVERSİTESİ (ANKARA),209110089
ELEKTRONIK TEKNOLOJISI,ELEKTRIK,similar,OSTİM TEKNİK ÜNİVERSİTESİ (ANKARA),209110048
ELEKTRONIK TEKNOLOJISI,MEKATRONIK,similar,OSTİM TEKNİK ÜNİVERSİTESİ (ANKARA),209110025
ELEKTRONIK TEKNOLOJISI,EEE,similar,TED ÜNİVERSİTESİ (ANKARA),206710584
ELEKTRONIK TEKNOLOJISI,EEE,similar,TOBB EKONOMİ VE TEKNOLOJİ ÜNİVERSİTESİ (ANKARA),205410335
ELEKTRONIK TEKNOLOJISI,EEE,similar,TÜRK HAVA KURUMU ÜNİVERSİTESİ (ANKARA),205710641
ELEKTRONIK TEKNOLOJISI,EEE,similar,TÜRK-JAPON BİLİM VE TEKNOLOJİ ÜNİVERSİTESİ,113200115
ELEKTRONIK TEKNOLOJISI,ELEKTRIK,similar,YÜKSEK İHTİSAS ÜNİVERSİTESİ (ANKARA),207950258
ELEKTRONIK TEKNOLOJISI,EEE,similar,ÇANKAYA ÜNİVERSİTESİ (ANKARA),201110738
ELEKTRONIK TEKNOLOJISI,MEKATRONIK MUHENDISLIGI,similar,ÇANKAYA ÜNİVERSİTESİ (ANKARA),201110402
ELEKTRONIK TEKNOLOJISI,EEE,similar,İHSAN DOĞRAMACI BİLKENT ÜNİVERSİTESİ (ANKARA),202110744
EN_TRANSLATION,EN_TRANSLATION,same,ANKARA YILDIRIM BEYAZIT ÜNİVERSİTESİ,110090094
EN_TRANSLATION,EN_TRANSLATION,same,ATILIM ÜNİVERSİTESİ (ANKARA),200290208
EN_TRANSLATION,EN_TRANSLATION,same,BAŞKENT ÜNİVERSİTESİ (ANKARA),200690491
EN_TRANSLATION,EN_TRANSLATION,same,HACETTEPE ÜNİVERSİTESİ (ANKARA),104890460
EN_TRANSLATION,EN_TRANSLATION,same,ÇANKAYA ÜNİVERSİTESİ (ANKARA),201190056
EN_TRANSLATION,INGILIZ DILI VE EDEBIYATI,similar,ANKARA HACI BAYRAM VELİ ÜNİVERSİTESİ,111790331
EN_TRANSLATION,INGILIZ DILI VE EDEBIYATI,similar,ANKARA SOSYAL BİLİMLER ÜNİVERSİTESİ,110910014
EN_TRANSLATION,INGILIZ DILI VE EDEBIYATI,similar,ANKARA ÜNİVERSİTESİ,101110193
EN_TRANSLATION,INGILIZ DILI VE EDEBIYATI,similar,ATILIM ÜNİVERSİTESİ (ANKARA),200210034
EN_TRANSLATION,INGILIZ DILI VE EDEBIYATI,similar,HACETTEPE ÜNİVERSİTESİ (ANKARA),104810105
EN_TRANSLATION,INGILIZ DILI VE EDEBIYATI,similar,TED ÜNİVERSİTESİ (ANKARA),206710438
EN_TRANSLATION,INGILIZ DILI VE EDEBIYATI,similar,TOBB EKONOMİ VE TEKNOLOJİ ÜNİVERSİTESİ (ANKARA),205410495
EN_TRANSLATION,INGILIZ DILI VE EDEBIYATI,similar,ÇANKAYA ÜNİVERSİTESİ (ANKARA),201110474
EN_TRANSLATION,INGILIZ DILI VE EDEBIYATI,similar,İHSAN DOĞRAMACI BİLKENT ÜNİVERSİTESİ (ANKARA),202110717
FILM_DESIGN,FILM_DESIGN,same,BAŞKENT ÜNİVERSİTESİ (ANKARA),200690685
FILM_DESIGN,GORSEL ILETISIM TASARIMI,similar,ANKARA HACI BAYRAM VELİ ÜNİVERSİTESİ,111711985
FILM_DESIGN,RADYO TELEVIZYON VE SINEMA,similar,ANKARA HACI BAYRAM VELİ ÜNİVERSİTESİ,111710518
FILM_DESIGN,RADYOTERAPI,similar,ANKARA MEDİPOL ÜNİVERSİTESİ,209210031
FILM_DESIGN,RADYO TELEVIZYON VE SINEMA,similar,ANKARA MÜZİK VE GÜZEL SANATLAR ÜNİVERSİTESİ,112800101
FILM_DESIGN,GORSEL ILETISIM TASARIMI,similar,ANKARA SOSYAL BİLİMLER ÜNİVERSİTESİ,110900101
FILM_DESIGN,DIJITAL OYUN TASARIMI,similar,ANKARA YILDIRIM BEYAZIT ÜNİVERSİTESİ,110090277
FILM_DESIGN,GORSEL ILETISIM TASARIMI,similar,ANKARA YILDIRIM BEYAZIT ÜNİVERSİTESİ,110090077
FILM_DESIGN,DIJITAL OYUN TASARIMI,similar,ANKARA ÜNİVERSİTESİ,101190850
FILM_DESIGN,RADYO TELEVIZYON VE SINEMA,similar,ANKARA ÜNİVERSİTESİ,101110572
FILM_DESIGN,RADYOTERAPI,similar,ANKARA ÜNİVERSİTESİ,101150192
FILM_DESIGN,GORSEL ILETISIM TASARIMI,similar,BAŞKENT ÜNİVERSİTESİ (ANKARA),200690692
FILM_DESIGN,RADYO TELEVIZYON VE SINEMA,similar,BAŞKENT ÜNİVERSİTESİ (ANKARA),200690539
FILM_DESIGN,RADYO TELEVIZYON VE SINEMA,similar,HACETTEPE ÜNİVERSİTESİ (ANKARA),104800549
FILM_DESIGN,RADYOTERAPI,similar,HACETTEPE ÜNİVERSİTESİ (ANKARA),104850476
FILM_DESIGN,DIJITAL OYUN TEKNOLOJILERI,similar,OSTİM TEKNİK ÜNİVERSİTESİ (ANKARA),209100136
FILM_DESIGN,GORSEL ILETISIM TASARIMI,similar,OSTİM TEKNİK ÜNİVERSİTESİ (ANKARA),209100178
FILM_DESIGN,GORSEL ILETISIM TASARIMI,similar,TED ÜNİVERSİTESİ (ANKARA),206710461
FILM_DESIGN,GORSEL ILETISIM TASARIMI,similar,TOBB EKONOMİ VE TEKNOLOJİ ÜNİVERSİTESİ (ANKARA),205410908
HAVACILIK YONETIMI,HAVACILIK YONETIMI,same,ATILIM ÜNİVERSİTESİ (ANKARA),200211526
HAVACILIK YONETIMI,HAVACILIK YONETIMI,same,TÜRK HAVA KURUMU ÜNİVERSİTESİ (ANKARA),205710941
HAVACILIK YONETIMI,BUSINESS_ADMIN,similar,ANKARA HACI BAYRAM VELİ ÜNİVERSİTESİ,111710457
HAVACILIK YONETIMI,BUSINESS_ADMIN,similar,ANKARA MEDİPOL ÜNİVERSİTESİ,209200374
HAVACILIK YONETIMI,BUSINESS_ADMIN,similar,ANKARA SOSYAL BİLİMLER ÜNİVERSİTESİ,110910095
HAVACILIK YONETIMI,BUSINESS_ADMIN,similar,ANKARA YILDIRIM BEYAZIT ÜNİVERSİTESİ,110010183
HAVACILIK YONETIMI,HAVACILIK VE UZAY MUHENDISLIGI,similar,ANKARA YILDIRIM BEYAZIT ÜNİVERSİTESİ,110090078
HAVACILIK YONETIMI,ISLETME YONETIMI,similar,ANKARA YILDIRIM BEYAZIT ÜNİVERSİTESİ,110090026
HAVACILIK YONETIMI,SIVIL HAVACILIK KABIN HIZMETLERI,similar,ANKARA YILDIRIM BEYAZIT ÜNİVERSİTESİ,110000178
HAVACILIK YONETIMI,BUSINESS_ADMIN,similar,ANKARA ÜNİVERSİTESİ,101190745
HAVACILIK YONETIMI,HAVACILIK ELEKTRONIGI TEKNOLOJILERI,similar,ANKARA ÜNİVERSİTESİ,101190794
HAVACILIK YONETIMI,BUSINESS_ADMIN,similar,ATILIM ÜNİVERSİTESİ (ANKARA),200290166
HAVACILIK YONETIMI,HAVACILIK VE UZAY MUHENDISLIGI,similar,ATILIM ÜNİVERSİTESİ (ANKARA),200290172
HAVACILIK YONETIMI,BUSINESS_ADMIN,similar,BAŞKENT ÜNİVERSİTESİ (ANKARA),200610321
HAVACILIK YONETIMI,ISLETME YONETIMI,similar,BAŞKENT ÜNİVERSİTESİ (ANKARA),200600430
HAVACILIK YONETIMI,BUSINESS_ADMIN,similar,HACETTEPE ÜNİVERSİTESİ (ANKARA),104810432
HAVACILIK YONETIMI,BUSINESS_ADMIN,similar,ORTA DOĞU TEKNİK ÜNİVERSİTESİ (ANKARA),108410212
HAVACILIK YONETIMI,HAVACILIK VE UZAY MUHENDISLIGI,similar,ORTA DOĞU TEKNİK ÜNİVERSİTESİ (ANKARA),108410381
HAVACILIK YONETIMI,BUSINESS_ADMIN,similar,OSTİM TEKNİK ÜNİVERSİTESİ (ANKARA),209100157
HAVACILIK YONETIMI,HAVACILIK VE UZAY MUHENDISLIGI,similar,OSTİM TEKNİK ÜNİVERSİTESİ (ANKARA),209110117
HAVACILIK YONETIMI,BUSINESS_ADMIN,similar,TED ÜNİVERSİTESİ (ANKARA),206700122
HAVACILIK YONETIMI,BUSINESS_ADMIN,similar,TOBB EKONOMİ VE TEKNOLOJİ ÜNİVERSİTESİ (ANKARA),205410308
HAVACILIK YONETIMI,BUSINESS_ADMIN,similar,TÜRK HAVA KURUMU ÜNİVERSİTESİ (ANKARA),205710526
HAVACILIK YONETIMI,SIVIL HAVA ULASTIRMA ISLETMECILIGI,similar,TÜRK HAVA KURUMU ÜNİVERSİTESİ (ANKARA),205750177
HAVACILIK YONETIMI,SIVIL HAVACILIK KABIN HIZMETLERI,similar,TÜRK HAVA KURUMU ÜNİVERSİTESİ (ANKARA),205750067
HAVACILIK YONETIMI,BUSINESS_ADMIN,similar,UFUK ÜNİVERSİTESİ (ANKARA),205810234
HAVACILIK YONETIMI,ISLETME YONETIMI,similar,UFUK ÜNİVERSİTESİ (ANKARA),205850312
HAVACILIK YONETIMI,BUSINESS_ADMIN,similar,ÇANKAYA ÜNİVERSİTESİ (ANKARA),201110517
HAVACILIK YONETIMI,BUSINESS_ADMIN,similar,İHSAN DOĞRAMACI BİLKENT ÜNİVERSİTESİ (ANKARA),202110726
INDUSTRIAL_ENG,INDUSTRIAL_ENG,same,ANKARA YILDIRIM BEYAZIT ÜNİVERSİTESİ,110010386
INDUSTRIAL_ENG,INDUSTRIAL_ENG,same,ATILIM ÜNİVERSİTESİ (ANKARA),200210413
INDUSTRIAL_ENG,INDUSTRIAL_ENG,same,BAŞKENT ÜNİVERSİTESİ (ANKARA),200610524
INDUSTRIAL_ENG,INDUSTRIAL_ENG,same,GAZİ ÜNİVERSİTESİ (ANKARA),104110642
INDUSTRIAL_ENG,INDUSTRIAL_ENG,same,HACETTEPE ÜNİVERSİTESİ (ANKARA),104810529
INDUSTRIAL_ENG,INDUSTRIAL_ENG,same,ORTA DOĞU TEKNİK ÜNİVERSİTESİ (ANKARA),108410363
INDUSTRIAL_ENG,INDUSTRIAL_ENG,same,OSTİM TEKNİK ÜNİVERSİTESİ (ANKARA),209110058
INDUSTRIAL_ENG,INDUSTRIAL_ENG,same,TED ÜNİVERSİTESİ (ANKARA),206710605
INDUSTRIAL_ENG,INDUSTRIAL_ENG,same,TOBB EKONOMİ VE TEKNOLOJİ ÜNİVERSİTESİ (ANKARA),205410344
INDUSTRIAL_ENG,INDUSTRIAL_ENG,same,TÜRK HAVA KURUMU ÜNİVERSİTESİ (ANKARA),205710747
INDUSTRIAL_ENG,INDUSTRIAL_ENG,same,ÇANKAYA ÜNİVERSİTESİ (ANKARA),201110562
INDUSTRIAL_ENG,INDUSTRIAL_ENG,same,İHSAN DOĞRAMACI BİLKENT ÜNİVERSİTESİ (ANKARA),202110753
INSANSIZ HAVA ARACI TEKNOLOJISI VE OPERATORLUGU,INSANSIZ HAVA ARACI TEKNOLOJISI VE OPERATORLUGU,same,BAŞKENT ÜNİVERSİTESİ (ANKARA),200690755
INSANSIZ HAVA ARACI TEKNOLOJISI VE OPERATORLUGU,INSANSIZ HAVA ARACI TEKNOLOJISI VE OPERATORLUGU,same,OSTİM TEKNİK ÜNİVERSİTESİ (ANKARA),209110052
INSANSIZ HAVA ARACI TEKNOLOJISI VE OPERATORLUGU,UCAK TEKNOLOJISI,similar,ANKARA YILDIRIM BEYAZIT ÜNİVERSİTESİ,110090129
INSANSIZ HAVA ARACI TEKNOLOJISI VE OPERATORLUGU,ELEKTRONIK TEKNOLOJISI,similar,ANKARA ÜNİVERSİTESİ,101150562
INSANSIZ HAVA ARACI TEKNOLOJISI VE OPERATORLUGU,ELEKTRONIK TEKNOLOJISI,similar,BAŞKENT ÜNİVERSİTESİ (ANKARA),200651733
INSANSIZ HAVA ARACI TEKNOLOJISI VE OPERATORLUGU,ELEKTRONIK TEKNOLOJISI,similar,GAZİ ÜNİVERSİTESİ (ANKARA),104151039
INSANSIZ HAVA ARACI TEKNOLOJISI VE OPERATORLUGU,UCAK TEKNOLOJISI,similar,GAZİ ÜNİVERSİTESİ (ANKARA),104151199
INSANSIZ HAVA ARACI TEKNOLOJISI VE OPERATORLUGU,ELEKTRONIK TEKNOLOJISI,similar,OSTİM TEKNİK ÜNİVERSİTESİ (ANKARA),209110013
INSANSIZ HAVA ARACI TEKNOLOJISI VE OPERATORLUGU,UCAK TEKNOLOJISI,similar,TÜRK HAVA KURUMU ÜNİVERSİTESİ (ANKARA),205750101
INTERIOR_ARCH,INTERIOR_ARCH,same,ANKARA MEDİPOL ÜNİVERSİTESİ,209210083
INTERIOR_ARCH,INTERIOR_ARCH,same,ATILIM ÜNİVERSİTESİ (ANKARA),200211483
INTERIOR_ARCH,INTERIOR_ARCH,same,BAŞKENT ÜNİVERSİTESİ (ANKARA),200690870
INTERIOR_ARCH,INTERIOR_ARCH,same,HACETTEPE ÜNİVERSİTESİ (ANKARA),104810389
INTERIOR_ARCH,INTERIOR_ARCH,same,OSTİM TEKNİK ÜNİVERSİTESİ (ANKARA),209110056
INTERIOR_ARCH,INTERIOR_ARCH,same,TED ÜNİVERSİTESİ (ANKARA),206710466
INTERIOR_ARCH,INTERIOR_ARCH,same,TOBB EKONOMİ VE TEKNOLOJİ ÜNİVERSİTESİ (ANKARA),205410714
INTERIOR_ARCH,INTERIOR_ARCH,same,İHSAN DOĞRAMACI BİLKENT ÜNİVERSİTESİ (ANKARA),202110629
INTERIOR_ARCH,INDUSTRIAL_DESIGN,similar,ANKARA YILDIRIM BEYAZIT ÜNİVERSİTESİ,110090235
INTERIOR_ARCH,INDUSTRIAL_DESIGN,similar,ATILIM ÜNİVERSİTESİ (ANKARA),200290156
INTERIOR_ARCH,ENDUSTRIYEL TASARIM MUHENDISLIGI,similar,GAZİ ÜNİVERSİTESİ (ANKARA),104111852
INTERIOR_ARCH,INDUSTRIAL_DESIGN,similar,GAZİ ÜNİVERSİTESİ (ANKARA),104190489
INTERIOR_ARCH,INDUSTRIAL_DESIGN,similar,ORTA DOĞU TEKNİK ÜNİVERSİTESİ (ANKARA),108470058
INTERIOR_ARCH,INDUSTRIAL_DESIGN,similar,OSTİM TEKNİK ÜNİVERSİTESİ (ANKARA),209110054
INTERIOR_ARCH,INDUSTRIAL_DESIGN,similar,TED ÜNİVERSİTESİ (ANKARA),206710464
INTERIOR_ARCH,INDUSTRIAL_DESIGN,similar,TOBB EKONOMİ VE TEKNOLOJİ ÜNİVERSİTESİ (ANKARA),205411096
INTERIOR_ARCH,IC MIMARLIK,similar,ÇANKAYA ÜNİVERSİTESİ (ANKARA),201110774
LAW,LAW,same,ANKARA HACI BAYRAM VELİ ÜNİVERSİTESİ,111710412
LAW,LAW,same,ANKARA MEDİPOL ÜNİVERSİTESİ,209210059
LAW,LAW,same,ANKARA SOSYAL BİLİMLER ÜNİVERSİTESİ,110910096
LAW,LAW,same,ANKARA YILDIRIM BEYAZIT ÜNİVERSİTESİ,110010023
LAW,LAW,same,ANKARA ÜNİVERSİTESİ,101110518
LAW,LAW,same,ATILIM ÜNİVERSİTESİ (ANKARA),200290215
LAW,LAW,same,BAŞKENT ÜNİVERSİTESİ (ANKARA),200690533
LAW,LAW,same,HACETTEPE ÜNİVERSİTESİ (ANKARA),104890610
LAW,LAW,same,TOBB EKONOMİ VE TEKNOLOJİ ÜNİVERSİTESİ (ANKARA),205410362
LAW,LAW,same,UFUK ÜNİVERSİTESİ (ANKARA),205850570
LAW,LAW,same,ÇANKAYA ÜNİVERSİTESİ (ANKARA),201110695
LAW,LAW,same,İHSAN DOĞRAMACI BİLKENT ÜNİVERSİTESİ (ANKARA),202111115
MIS,MIS,same,ANKARA HACI BAYRAM VELİ ÜNİVERSİTESİ,111790346
MIS,MIS,same,ANKARA MEDİPOL ÜNİVERSİTESİ,209210065
MIS,MIS,same,ANKARA YILDIRIM BEYAZIT ÜNİVERSİTESİ,110010217
MIS,MIS,same,ANKARA ÜNİVERSİTESİ,101190521
MIS,MIS,same,BAŞKENT ÜNİVERSİTESİ (ANKARA),200610781
MIS,MIS,same,GAZİ ÜNİVERSİTESİ (ANKARA),104190568
MIS,MIS,same,OSTİM TEKNİK ÜNİVERSİTESİ (ANKARA),209110044
MIS,MIS,same,TOBB EKONOMİ VE TEKNOLOJİ ÜNİVERSİTESİ (ANKARA),205400164
MIS,MIS,same,TÜRK HAVA KURUMU ÜNİVERSİTESİ (ANKARA),205750158
MIS,MIS,same,UFUK ÜNİVERSİTESİ (ANKARA),205810349
MIS,MIS,same,ÇANKAYA ÜNİVERSİTESİ (ANKARA),201190060
MIS,BUSINESS_ADMIN,similar,ANKARA HACI BAYRAM VELİ ÜNİVERSİTESİ,111710457
MIS,BUSINESS_ADMIN,similar,ANKARA MEDİPOL ÜNİVERSİTESİ,209200374
MIS,BUSINESS_ADMIN,similar,ANKARA SOSYAL BİLİMLER ÜNİVERSİTESİ,110910095
MIS,BUSINESS_ADMIN,similar,ANKARA YILDIRIM BEYAZIT ÜNİVERSİTESİ,110010183
MIS,INDUSTRIAL_ENG,similar,ANKARA YILDIRIM BEYAZIT ÜNİVERSİTESİ,110010386
MIS,ISLETME YONETIMI,similar,ANKARA YILDIRIM BEYAZIT ÜNİVERSİTESİ,110090026
MIS,BUSINESS_ADMIN,similar,ANKARA ÜNİVERSİTESİ,101190745
MIS,BUSINESS_ADMIN,similar,ATILIM ÜNİVERSİTESİ (ANKARA),200290166
MIS,INDUSTRIAL_ENG,similar,ATILIM ÜNİVERSİTESİ (ANKARA),200210413
MIS,INFO_SYS_ENG,similar,ATILIM ÜNİVERSİTESİ (ANKARA),200210352
MIS,BUSINESS_ADMIN,similar,BAŞKENT ÜNİVERSİTESİ (ANKARA),200610321
MIS,INDUSTRIAL_ENG,similar,BAŞKENT ÜNİVERSİTESİ (ANKARA),200610524
MIS,ISLETME YONETIMI,similar,BAŞKENT ÜNİVERSİTESİ (ANKARA),200600430
MIS,INDUSTRIAL_ENG,similar,GAZİ ÜNİVERSİTESİ (ANKARA),104110642
MIS,BUSINESS_ADMIN,similar,HACETTEPE ÜNİVERSİTESİ (ANKARA),104810432
MIS,INDUSTRIAL_ENG,similar,HACETTEPE ÜNİVERSİTESİ (ANKARA),104810529
MIS,BUSINESS_ADMIN,similar,ORTA DOĞU TEKNİK ÜNİVERSİTESİ (ANKARA),108410212
MIS,INDUSTRIAL_ENG,similar,ORTA DOĞU TEKNİK ÜNİVERSİTESİ (ANKARA),108410363
MIS,BUSINESS_ADMIN,similar,OSTİM TEKNİK ÜNİVERSİTESİ (ANKARA),209100157
MIS,INDUSTRIAL_ENG,similar,OSTİM TEKNİK ÜNİVERSİTESİ (ANKARA),209110058
MIS,BUSINESS_ADMIN,similar,TED ÜNİVERSİTESİ (ANKARA),206700122
MIS,INDUSTRIAL_ENG,similar,TED ÜNİVERSİTESİ (ANKARA),206710605
MIS,BUSINESS_ADMIN,similar,TOBB EKONOMİ VE TEKNOLOJİ ÜNİVERSİTESİ (ANKARA),205410308
MIS,INDUSTRIAL_ENG,similar,TOBB EKONOMİ VE TEKNOLOJİ ÜNİVERSİTESİ (ANKARA),205410344
MIS,BUSINESS_ADMIN,similar,TÜRK HAVA KURUMU ÜNİVERSİTESİ (ANKARA),205710526
MIS,INDUSTRIAL_ENG,similar,TÜRK HAVA KURUMU ÜNİVERSİTESİ (ANKARA),205710747
MIS,BUSINESS_ADMIN,similar,UFUK ÜNİVERSİTESİ (ANKARA),205810234
MIS,ISLETME YONETIMI,similar,UFUK ÜNİVERSİTESİ (ANKARA),205850312
MIS,BUSINESS_ADMIN,similar,ÇANKAYA ÜNİVERSİTESİ (ANKARA),201110517
MIS,INDUSTRIAL_ENG,similar,ÇANKAYA ÜNİVERSİTESİ (ANKARA),201110562
MIS,BUSINESS_ADMIN,similar,İHSAN DOĞRAMACI BİLKENT ÜNİVERSİTESİ (ANKARA),202110726
MIS,INDUSTRIAL_ENG,similar,İHSAN DOĞRAMACI BİLKENT ÜNİVERSİTESİ (ANKARA),202110753
NEW_MEDIA_COMM,NEW_MEDIA_COMM,same,ANKARA SOSYAL BİLİMLER ÜNİVERSİTESİ,110910469
NEW_MEDIA_COMM,NEW_MEDIA_COMM,same,ANKARA YILDIRIM BEYAZIT ÜNİVERSİTESİ,110090270
NEW_MEDIA_COMM,NEW_MEDIA_COMM,same,ANKARA ÜNİVERSİTESİ,101190703
NEW_MEDIA_COMM,GAZETECILIK,similar,ANKARA HACI BAYRAM VELİ ÜNİVERSİTESİ,111710493
NEW_MEDIA_COMM,HALKLA ILISKILER VE TANITIM,similar,ANKARA HACI BAYRAM VELİ ÜNİVERSİTESİ,111710509
NEW_MEDIA_COMM,RADYO TELEVIZYON VE SINEMA,similar,ANKARA HACI BAYRAM VELİ ÜNİVERSİTESİ,111710518
NEW_MEDIA_COMM,HALKLA ILISKILER VE REKLAMCILIK,similar,ANKARA MEDİPOL ÜNİVERSİTESİ,209210085
NEW_MEDIA_COMM,RADYOTERAPI,similar,ANKARA MEDİPOL ÜNİVERSİTESİ,209210031
NEW_MEDIA_COMM,RADYO TELEVIZYON VE SINEMA,similar,ANKARA MÜZİK VE GÜZEL SANATLAR ÜNİVERSİTESİ,112800101
NEW_MEDIA_COMM,HALKLA ILISKILER VE REKLAMCILIK,similar,ANKARA YILDIRIM BEYAZIT ÜNİVERSİTESİ,110090263
NEW_MEDIA_COMM,GAZETECILIK,similar,ANKARA ÜNİVERSİTESİ,101110554
NEW_MEDIA_COMM,HALKLA ILISKILER VE TANITIM,similar,ANKARA ÜNİVERSİTESİ,101110563
NEW_MEDIA_COMM,RADYO TELEVIZYON VE SINEMA,similar,ANKARA ÜNİVERSİTESİ,101110572
NEW_MEDIA_COMM,RADYOTERAPI,similar,ANKARA ÜNİVERSİTESİ,101150192
NEW_MEDIA_COMM,HALKLA ILISKILER VE REKLAMCILIK,similar,ATILIM ÜNİVERSİTESİ (ANKARA),200210149
NEW_MEDIA_COMM,HALKLA ILISKILER VE TANITIM,similar,BAŞKENT ÜNİVERSİTESİ (ANKARA),200690536
NEW_MEDIA_COMM,ILETISIM VE TASARIMI,similar,BAŞKENT ÜNİVERSİTESİ (ANKARA),200690496
NEW_MEDIA_COMM,RADYO TELEVIZYON VE SINEMA,similar,BAŞKENT ÜNİVERSİTESİ (ANKARA),200690539
NEW_MEDIA_COMM,ILETISIM BILIMLERI,similar,HACETTEPE ÜNİVERSİTESİ (ANKARA),104890266
NEW_MEDIA_COMM,RADYO TELEVIZYON VE SINEMA,similar,HACETTEPE ÜNİVERSİTESİ (ANKARA),104800549
NEW_MEDIA_COMM,RADYOTERAPI,similar,HACETTEPE ÜNİVERSİTESİ (ANKARA),104850476
NEW_MEDIA_COMM,HALKLA ILISKILER VE REKLAMCILIK,similar,ÇANKAYA ÜNİVERSİTESİ (ANKARA),201110808
NEW_MEDIA_COMM,ILETISIM VE TASARIMI,similar,İHSAN DOĞRAMACI BİLKENT ÜNİVERSİTESİ (ANKARA),202190188
PILOTAJ,PILOTAJ,same,ATILIM ÜNİVERSİTESİ (ANKARA),200211465
PILOTAJ,PILOTAJ,same,TÜRK HAVA KURUMU ÜNİVERSİTESİ (ANKARA),205710544
PILOTAJ,HAVACILIK YONETIMI,similar,ATILIM ÜNİVERSİTESİ (ANKARA),200211526
PILOTAJ,HAVACILIK YONETIMI,similar,TÜRK HAVA KURUMU ÜNİVERSİTESİ (ANKARA),205710941
PILOTAJ,UCAK MUHENDISLIGI,similar,TÜRK HAVA KURUMU ÜNİVERSİTESİ (ANKARA),205710562
POLITICAL_SCI_PA,POLITICAL_SCI_PA,same,ANKARA HACI BAYRAM VELİ ÜNİVERSİTESİ,111711994
POLITICAL_SCI_PA,POLITICAL_SCI_PA,same,ANKARA MEDİPOL ÜNİVERSİTESİ,209200528
POLITICAL_SCI_PA,POLITICAL_SCI_PA,same,ANKARA SOSYAL BİLİMLER ÜNİVERSİTESİ,110910098
POLITICAL_SCI_PA,POLITICAL_SCI_PA,same,ANKARA YILDIRIM BEYAZIT ÜNİVERSİTESİ,110010102
POLITICAL_SCI_PA,POLITICAL_SCI_PA,same,ANKARA ÜNİVERSİTESİ,101190759
POLITICAL_SCI_PA,POLITICAL_SCI_PA,same,ATILIM ÜNİVERSİTESİ (ANKARA),200210794
POLITICAL_SCI_PA,POLITICAL_SCI_PA,same,HACETTEPE ÜNİVERSİTESİ (ANKARA),104810468
POLITICAL_SCI_PA,POLITICAL_SCI_PA,same,ORTA DOĞU TEKNİK ÜNİVERSİTESİ (ANKARA),108410266
POLITICAL_SCI_PA,POLITICAL_SCI_PA,same,İHSAN DOĞRAMACI BİLKENT ÜNİVERSİTESİ (ANKARA),202110665
POLITICAL_SCI_PA,ULUSLARARASI ILISKILER,similar,ANKARA HACI BAYRAM VELİ ÜNİVERSİTESİ,111710484
POLITICAL_SCI_PA,SIYASET BILIMI VE ULUSLARARASI ILISKILER,similar,ANKARA MEDİPOL ÜNİVERSİTESİ,209210089
POLITICAL_SCI_PA,ULUSLARARASI ILISKILER,similar,ANKARA SOSYAL BİLİMLER ÜNİVERSİTESİ,110910023
POLITICAL_SCI_PA,ULUSLARARASI ILISKILER,similar,ANKARA YILDIRIM BEYAZIT ÜNİVERSİTESİ,110010086
POLITICAL_SCI_PA,ULUSLARARASI ILISKILER,similar,ANKARA ÜNİVERSİTESİ,101190766
POLITICAL_SCI_PA,ULUSLARARASI ILISKILER,similar,ATILIM ÜNİVERSİTESİ (ANKARA),200210291
POLITICAL_SCI_PA,SIYASET BILIMI VE ULUSLARARASI ILISKILER,similar,BAŞKENT ÜNİVERSİTESİ (ANKARA),200610348
POLITICAL_SCI_PA,ULUSLARARASI ILISKILER,similar,HACETTEPE ÜNİVERSİTESİ (ANKARA),104810486
POLITICAL_SCI_PA,ULUSLARARASI ILISKILER,similar,ORTA DOĞU TEKNİK ÜNİVERSİTESİ (ANKARA),108410275
POLITICAL_SCI_PA,SIYASET BILIMI VE ULUSLARARASI ILISKILER,similar,TED ÜNİVERSİTESİ (ANKARA),206700136
POLITICAL_SCI_PA,SIYASET BILIMI VE ULUSLARARASI ILISKILER,similar,TOBB EKONOMİ VE TEKNOLOJİ ÜNİVERSİTESİ (ANKARA),205411139
POLITICAL_SCI_PA,SIYASET BILIMI VE ULUSLARARASI ILISKILER,similar,UFUK ÜNİVERSİTESİ (ANKARA),205810288
POLITICAL_SCI_PA,SIYASET BILIMI VE ULUSLARARASI ILISKILER,similar,ÇANKAYA ÜNİVERSİTESİ (ANKARA),201110526
POLITICAL_SCI_PA,ULUSLARARASI ILISKILER,similar,İHSAN DOĞRAMACI BİLKENT ÜNİVERSİTESİ (ANKARA),202110674
PSYCHOLOGY,PSYCHOLOGY,same,ANKARA HACI BAYRAM VELİ ÜNİVERSİTESİ,111790325
PSYCHOLOGY,PSYCHOLOGY,same,ANKARA MEDİPOL ÜNİVERSİTESİ,209210010
PSYCHOLOGY,PSYCHOLOGY,same,ANKARA SOSYAL BİLİMLER ÜNİVERSİTESİ,110910103
PSYCHOLOGY,PSYCHOLOGY,same,ANKARA YILDIRIM BEYAZIT ÜNİVERSİTESİ,110010244
PSYCHOLOGY,PSYCHOLOGY,same,ANKARA ÜNİVERSİTESİ,101110263
PSYCHOLOGY,PSYCHOLOGY,same,ATILIM ÜNİVERSİTESİ (ANKARA),200211474
PSYCHOLOGY,PSYCHOLOGY,same,BAŞKENT ÜNİVERSİTESİ (ANKARA),200690678
PSYCHOLOGY,PSYCHOLOGY,same,HACETTEPE ÜNİVERSİTESİ (ANKARA),104810141
PSYCHOLOGY,PSYCHOLOGY,same,ORTA DOĞU TEKNİK ÜNİVERSİTESİ (ANKARA),108410178
PSYCHOLOGY,PSYCHOLOGY,same,TED ÜNİVERSİTESİ (ANKARA),206710198
PSYCHOLOGY,PSYCHOLOGY,same,TOBB EKONOMİ VE TEKNOLOJİ ÜNİVERSİTESİ (ANKARA),205410998
PSYCHOLOGY,PSYCHOLOGY,same,UFUK ÜNİVERSİTESİ (ANKARA),205850509
PSYCHOLOGY,PSYCHOLOGY,same,ÇANKAYA ÜNİVERSİTESİ (ANKARA),201110598
PSYCHOLOGY,PSYCHOLOGY,same,İHSAN DOĞRAMACI BİLKENT ÜNİVERSİTESİ (ANKARA),202110656
PSYCHOLOGY,SOSYOLOJI,similar,ANKARA HACI BAYRAM VELİ ÜNİVERSİTESİ,111711597
PSYCHOLOGY,SOSYOLOJI,similar,ANKARA SOSYAL BİLİMLER ÜNİVERSİTESİ,110910100
PSYCHOLOGY,SOSYOLOJI,similar,ANKARA YILDIRIM BEYAZIT ÜNİVERSİTESİ,110010138
PSYCHOLOGY,REHBERLIK VE PSIKOLOJIK DANISMANLIK,similar,ANKARA ÜNİVERSİTESİ,101110412
PSYCHOLOGY,SOSYOLOJI,similar,ANKARA ÜNİVERSİTESİ,101110306
PSYCHOLOGY,REHBERLIK VE PSIKOLOJIK DANISMANLIK,similar,BAŞKENT ÜNİVERSİTESİ (ANKARA),200611188
PSYCHOLOGY,SOSYOLOJI,similar,BAŞKENT ÜNİVERSİTESİ (ANKARA),200611743
PSYCHOLOGY,REHBERLIK VE PSIKOLOJIK DANISMANLIK,similar,GAZİ ÜNİVERSİTESİ (ANKARA),104110333
PSYCHOLOGY,REHBERLIK VE PSIKOLOJIK DANISMANLIK,similar,HACETTEPE ÜNİVERSİTESİ (ANKARA),104810317
PSYCHOLOGY,SOSYOLOJI,similar,HACETTEPE ÜNİVERSİTESİ (ANKARA),104810168
PSYCHOLOGY,SOSYOLOJI,similar,ORTA DOĞU TEKNİK ÜNİVERSİTESİ (ANKARA),108410187
PSYCHOLOGY,REHBERLIK VE PSIKOLOJIK DANISMANLIK,similar,TED ÜNİVERSİTESİ (ANKARA),206710417
PSYCHOLOGY,SOSYOLOJI,similar,TED ÜNİVERSİTESİ (ANKARA),206710347
SOFTWARE_ENG,SOFTWARE_ENG,same,ANKARA YILDIRIM BEYAZIT ÜNİVERSİTESİ,110090116
SOFTWARE_ENG,SOFTWARE_ENG,same,ANKARA ÜNİVERSİTESİ,101190584
SOFTWARE_ENG,SOFTWARE_ENG,same,ATILIM ÜNİVERSİTESİ (ANKARA),200210564
SOFTWARE_ENG,SOFTWARE_ENG,same,OSTİM TEKNİK ÜNİVERSİTESİ (ANKARA),209110040
SOFTWARE_ENG,SOFTWARE_ENG,same,TED ÜNİVERSİTESİ (ANKARA),206710459
SOFTWARE_ENG,SOFTWARE_ENG,same,TÜRK HAVA KURUMU ÜNİVERSİTESİ (ANKARA),205750169
SOFTWARE_ENG,SOFTWARE_ENG,same,ÇANKAYA ÜNİVERSİTESİ (ANKARA),201190054
SOFTWARE_ENG,COMPUTER_ENG,similar,ANKARA MEDİPOL ÜNİVERSİTESİ,209200444
SOFTWARE_ENG,YAPAY ZEKA DESTEKLI TASARIM VE ANIMASYON,similar,ANKARA MEDİPOL ÜNİVERSİTESİ,209200178
SOFTWARE_ENG,YAPAY ZEKA DESTEKLI WEB TASARIMI VE KODLAMA,similar,ANKARA MEDİPOL ÜNİVERSİTESİ,209200192
SOFTWARE_ENG,COMPUTER_ENG,similar,ANKARA YILDIRIM BEYAZIT ÜNİVERSİTESİ,110010032
SOFTWARE_ENG,COMPUTER_ENG,similar,ANKARA ÜNİVERSİTESİ,101110581
SOFTWARE_ENG,YAPAY ZEKA VE VERI MUHENDISLIGI,similar,ANKARA ÜNİVERSİTESİ,101190577
SOFTWARE_ENG,COMPUTER_ENG,similar,ATILIM ÜNİVERSİTESİ (ANKARA),200210325
SOFTWARE_ENG,INFO_SYS_ENG,similar,ATILIM ÜNİVERSİTESİ (ANKARA),200210352
SOFTWARE_ENG,AI_ENG,similar,BAŞKENT ÜNİVERSİTESİ (ANKARA),200690899
SOFTWARE_ENG,COMPUTER_ENG,similar,BAŞKENT ÜNİVERSİTESİ (ANKARA),200690872
SOFTWARE_ENG,COMPUTER_ENG,similar,GAZİ ÜNİVERSİTESİ (ANKARA),104110624
SOFTWARE_ENG,COMPUTER_ENG,similar,HACETTEPE ÜNİVERSİTESİ (ANKARA),104800535
SOFTWARE_ENG,YAPAY ZEKA VE VERI MUHENDISLIGI,similar,HACETTEPE ÜNİVERSİTESİ (ANKARA),104800542
SOFTWARE_ENG,COMPUTER_ENG,similar,ORTA DOĞU TEKNİK ÜNİVERSİTESİ (ANKARA),108410336
SOFTWARE_ENG,AI_ENG,similar,OSTİM TEKNİK ÜNİVERSİTESİ (ANKARA),209110131
SOFTWARE_ENG,COMPUTER_ENG,similar,OSTİM TEKNİK ÜNİVERSİTESİ (ANKARA),209110066
SOFTWARE_ENG,COMPUTER_ENG,similar,TED ÜNİVERSİTESİ (ANKARA),206700143
SOFTWARE_ENG,AI_ENG,similar,TOBB EKONOMİ VE TEKNOLOJİ ÜNİVERSİTESİ (ANKARA),205490117
SOFTWARE_ENG,COMPUTER_ENG,similar,TOBB EKONOMİ VE TEKNOLOJİ ÜNİVERSİTESİ (ANKARA),205410326
SOFTWARE_ENG,COMPUTER_ENG,similar,TÜRK HAVA KURUMU ÜNİVERSİTESİ (ANKARA),205710623
SOFTWARE_ENG,YAPAY ZEKA OPERATORLUGU,similar,TÜRK HAVA KURUMU ÜNİVERSİTESİ (ANKARA),205700115
SOFTWARE_ENG,COMPUTER_ENG,similar,TÜRK-JAPON BİLİM VE TEKNOLOJİ ÜNİVERSİTESİ,113200101
SOFTWARE_ENG,COMPUTER_ENG,similar,UFUK ÜNİVERSİTESİ (ANKARA),205850710
SOFTWARE_ENG,COMPUTER_ENG,similar,ÇANKAYA ÜNİVERSİTESİ (ANKARA),201110544
SOFTWARE_ENG,COMPUTER_ENG,similar,İHSAN DOĞRAMACI BİLKENT ÜNİVERSİTESİ (ANKARA),202110735
TIBBI VERI ISLEME TEKNIKERLIGI,TIBBI VERI ISLEME TEKNIKERLIGI,same,LOKMAN HEKİM ÜNİVERSİTESİ (ANKARA),208810179
TIBBI VERI ISLEME TEKNIKERLIGI,TIBBI VERI ISLEME TEKNIKERLIGI,same,YÜKSEK İHTİSAS ÜNİVERSİTESİ (ANKARA),207950363
TIBBI VERI ISLEME TEKNIKERLIGI,SAGLIK YONETIMI,similar,ANKARA HACI BAYRAM VELİ ÜNİVERSİTESİ,111712056
TIBBI VERI ISLEME TEKNIKERLIGI,TIBBI LABORATUVAR TEKNIKLERI,similar,ANKARA MEDİPOL ÜNİVERSİTESİ,209210033
TIBBI VERI ISLEME TEKNIKERLIGI,SAGLIK YONETIMI,similar,ANKARA YILDIRIM BEYAZIT ÜNİVERSİTESİ,110090037
TIBBI VERI ISLEME TEKNIKERLIGI,TIBBI LABORATUVAR TEKNIKLERI,similar,ANKARA YILDIRIM BEYAZIT ÜNİVERSİTESİ,110050067
TIBBI VERI ISLEME TEKNIKERLIGI,SAGLIK YONETIMI,similar,ANKARA ÜNİVERSİTESİ,101111349
TIBBI VERI ISLEME TEKNIKERLIGI,TIBBI DOKUMANTASYON VE SEKRETERLIK,similar,ANKARA ÜNİVERSİTESİ,101150208
TIBBI VERI ISLEME TEKNIKERLIGI,TIBBI LABORATUVAR TEKNIKLERI,similar,ANKARA ÜNİVERSİTESİ,101150605
TIBBI VERI ISLEME TEKNIKERLIGI,TIBBI LABORATUVAR TEKNIKLERI,similar,ATILIM ÜNİVERSİTESİ (ANKARA),200290187
TIBBI VERI ISLEME TEKNIKERLIGI,SAGLIK YONETIMI,similar,BAŞKENT ÜNİVERSİTESİ (ANKARA),200611813
TIBBI VERI ISLEME TEKNIKERLIGI,TIBBI DOKUMANTASYON VE SEKRETERLIK,similar,BAŞKENT ÜNİVERSİTESİ (ANKARA),200651293
TIBBI VERI ISLEME TEKNIKERLIGI,TIBBI DOKUMANTASYON VE SEKRETERLIK,similar,GAZİ ÜNİVERSİTESİ (ANKARA),104150086
TIBBI VERI ISLEME TEKNIKERLIGI,TIBBI LABORATUVAR TEKNIKLERI,similar,GAZİ ÜNİVERSİTESİ (ANKARA),104150589
TIBBI VERI ISLEME TEKNIKERLIGI,SAGLIK YONETIMI,similar,HACETTEPE ÜNİVERSİTESİ (ANKARA),104811042
TIBBI VERI ISLEME TEKNIKERLIGI,TIBBI DOKUMANTASYON VE SEKRETERLIK,similar,HACETTEPE ÜNİVERSİTESİ (ANKARA),104850061
TIBBI VERI ISLEME TEKNIKERLIGI,TIBBI LABORATUVAR TEKNIKLERI,similar,HACETTEPE ÜNİVERSİTESİ (ANKARA),104850431
TIBBI VERI ISLEME TEKNIKERLIGI,TIBBI LABORATUVAR TEKNIKLERI,similar,LOKMAN HEKİM ÜNİVERSİTESİ (ANKARA),208810042
TIBBI VERI ISLEME TEKNIKERLIGI,SAGLIK YONETIMI,similar,SAĞLIK BİLİMLERİ ÜNİVERSİTESİ (İSTANBUL),111091166
TIBBI VERI ISLEME TEKNIKERLIGI,TIBBI LABORATUVAR TEKNIKLERI,similar,SAĞLIK BİLİMLERİ ÜNİVERSİTESİ (İSTANBUL),111050213
TIBBI VERI ISLEME TEKNIKERLIGI,TIBBI LABORATUVAR TEKNIKLERI,similar,UFUK ÜNİVERSİTESİ (ANKARA),205850523
TIBBI VERI ISLEME TEKNIKERLIGI,SAGLIK YONETIMI,similar,YÜKSEK İHTİSAS ÜNİVERSİTESİ (ANKARA),207950076
TIBBI VERI ISLEME TEKNIKERLIGI,TIBBI DOKUMANTASYON VE SEKRETERLIK,similar,YÜKSEK İHTİSAS ÜNİVERSİTESİ (ANKARA),207950079
TIBBI VERI ISLEME TEKNIKERLIGI,TIBBI LABORATUVAR TEKNIKLERI,similar,YÜKSEK İHTİSAS ÜNİVERSİTESİ (ANKARA),207950167
TURIZM VE OTEL ISLETMECILIGI,TURIZM VE OTEL ISLETMECILIGI,same,ANKARA ÜNİVERSİTESİ,101150492
TURIZM VE OTEL ISLETMECILIGI,TURIZM VE OTEL ISLETMECILIGI,same,BAŞKENT ÜNİVERSİTESİ (ANKARA),200651354
TURIZM VE OTEL ISLETMECILIGI,TURIZM VE OTEL ISLETMECILIGI,same,HACETTEPE ÜNİVERSİTESİ (ANKARA),104850113
TURIZM VE OTEL ISLETMECILIGI,TURIZM VE OTEL ISLETMECILIGI,same,İHSAN DOĞRAMACI BİLKENT ÜNİVERSİTESİ (ANKARA),202190196
TURIZM VE OTEL ISLETMECILIGI,ASCILIK,similar,ANKARA HACI BAYRAM VELİ ÜNİVERSİTESİ,111790388
TURIZM VE OTEL ISLETMECILIGI,GASTRONOMI VE MUTFAK SANATLARI,similar,ANKARA HACI BAYRAM VELİ ÜNİVERSİTESİ,111711437
TURIZM VE OTEL ISLETMECILIGI,TURIZM ISLETMECILIGI,similar,ANKARA HACI BAYRAM VELİ ÜNİVERSİTESİ,111711473
TURIZM VE OTEL ISLETMECILIGI,TURIZM REHBERLIGI,similar,ANKARA HACI BAYRAM VELİ ÜNİVERSİTESİ,111790423
TURIZM VE OTEL ISLETMECILIGI,GASTRONOMI VE MUTFAK SANATLARI,similar,ANKARA MEDİPOL ÜNİVERSİTESİ,209210081
TURIZM VE OTEL ISLETMECILIGI,ASCILIK,similar,ANKARA ÜNİVERSİTESİ,101190202
TURIZM VE OTEL ISLETMECILIGI,TURIZM VE SEYAHAT HIZMETLERI,similar,ANKARA ÜNİVERSİTESİ,101150598
TURIZM VE OTEL ISLETMECILIGI,ASCILIK,similar,BAŞKENT ÜNİVERSİTESİ (ANKARA),200651645
TURIZM VE OTEL ISLETMECILIGI,GASTRONOMI VE MUTFAK SANATLARI,similar,BAŞKENT ÜNİVERSİTESİ (ANKARA),200690869
TURIZM VE OTEL ISLETMECILIGI,TURIZM ISLETMECILIGI,similar,BAŞKENT ÜNİVERSİTESİ (ANKARA),200690506
UCAK MUHENDISLIGI,UCAK MUHENDISLIGI,same,TÜRK HAVA KURUMU ÜNİVERSİTESİ (ANKARA),205710562
UCAK MUHENDISLIGI,HAVACILIK VE UZAY MUHENDISLIGI,similar,ANKARA YILDIRIM BEYAZIT ÜNİVERSİTESİ,110090078
UCAK MUHENDISLIGI,UCAK TEKNOLOJISI,similar,ANKARA YILDIRIM BEYAZIT ÜNİVERSİTESİ,110090129
UCAK MUHENDISLIGI,HAVACILIK VE UZAY MUHENDISLIGI,similar,ATILIM ÜNİVERSİTESİ (ANKARA),200290172
UCAK MUHENDISLIGI,UCAK TEKNOLOJISI,similar,GAZİ ÜNİVERSİTESİ (ANKARA),104151199
UCAK MUHENDISLIGI,HAVACILIK VE UZAY MUHENDISLIGI,similar,ORTA DOĞU TEKNİK ÜNİVERSİTESİ (ANKARA),108410381
UCAK MUHENDISLIGI,HAVACILIK VE UZAY MUHENDISLIGI,similar,OSTİM TEKNİK ÜNİVERSİTESİ (ANKARA),209110117
UCAK MUHENDISLIGI,UCAK TEKNOLOJISI,similar,TÜRK HAVA KURUMU ÜNİVERSİTESİ (ANKARA),205750101
UCAK MUHENDISLIGI,UZAY MUHENDISLIGI,similar,TÜRK HAVA KURUMU ÜNİVERSİTESİ (ANKARA),205710589
UCAK TEKNOLOJISI,UCAK TEKNOLOJISI,same,ANKARA YILDIRIM BEYAZIT ÜNİVERSİTESİ,110090129
UCAK TEKNOLOJISI,UCAK TEKNOLOJISI,same,GAZİ ÜNİVERSİTESİ (ANKARA),104151199
UCAK TEKNOLOJISI,UCAK TEKNOLOJISI,same,TÜRK HAVA KURUMU ÜNİVERSİTESİ (ANKARA),205750101
UCAK TEKNOLOJISI,MECHANICAL_ENG,similar,ANKARA YILDIRIM BEYAZIT ÜNİVERSİTESİ,110010059
UCAK TEKNOLOJISI,MECHANICAL_ENG,similar,ANKARA ÜNİVERSİTESİ,101100647
UCAK TEKNOLOJISI,MECHANICAL_ENG,similar,ATILIM ÜNİVERSİTESİ (ANKARA),200210819
UCAK TEKNOLOJISI,OTOMOTIV MUHENDISLIGI,similar,ATILIM ÜNİVERSİTESİ (ANKARA),200210828
UCAK TEKNOLOJISI,MAKINE,similar,BAŞKENT ÜNİVERSİTESİ (ANKARA),200690440
UCAK TEKNOLOJISI,MECHANICAL_ENG,similar,BAŞKENT ÜNİVERSİTESİ (ANKARA),200610542
UCAK TEKNOLOJISI,OTOMOTIV TEKNOLOJISI,similar,BAŞKENT ÜNİVERSİTESİ (ANKARA),200651778
UCAK TEKNOLOJISI,MAKINE,similar,GAZİ ÜNİVERSİTESİ (ANKARA),104151012
UCAK TEKNOLOJISI,MECHANICAL_ENG,similar,GAZİ ÜNİVERSİTESİ (ANKARA),104110678
UCAK TEKNOLOJISI,OTOMOTIV MUHENDISLIGI,similar,GAZİ ÜNİVERSİTESİ (ANKARA),104111313
UCAK TEKNOLOJISI,MAKINE,similar,HACETTEPE ÜNİVERSİTESİ (ANKARA),104850537
UCAK TEKNOLOJISI,MECHANICAL_ENG,similar,HACETTEPE ÜNİVERSİTESİ (ANKARA),104890268
UCAK TEKNOLOJISI,MECHANICAL_ENG,similar,ORTA DOĞU TEKNİK ÜNİVERSİTESİ (ANKARA),108410433
UCAK TEKNOLOJISI,MAKINE,similar,OSTİM TEKNİK ÜNİVERSİTESİ (ANKARA),209110016
UCAK TEKNOLOJISI,MECHANICAL_ENG,similar,OSTİM TEKNİK ÜNİVERSİTESİ (ANKARA),209110159
UCAK TEKNOLOJISI,MECHANICAL_ENG,similar,TED ÜNİVERSİTESİ (ANKARA),206710633
UCAK TEKNOLOJISI,MECHANICAL_ENG,similar,TOBB EKONOMİ VE TEKNOLOJİ ÜNİVERSİTESİ (ANKARA),205410353
UCAK TEKNOLOJISI,MECHANICAL_ENG,similar,TÜRK HAVA KURUMU ÜNİVERSİTESİ (ANKARA),205710729
UCAK TEKNOLOJISI,UCAK MUHENDISLIGI,similar,TÜRK HAVA KURUMU ÜNİVERSİTESİ (ANKARA),205710562
UCAK TEKNOLOJISI,MECHANICAL_ENG,similar,ÇANKAYA ÜNİVERSİTESİ (ANKARA),201110465
UCAK TEKNOLOJISI,MECHANICAL_ENG,similar,İHSAN DOĞRAMACI BİLKENT ÜNİVERSİTESİ (ANKARA),202110886
WEB TASARIMI VE KODLAMA,WEB TASARIMI VE KODLAMA,same,ANKARA ÜNİVERSİTESİ,101190612
WEB TASARIMI VE KODLAMA,BILGISAYAR PROGRAMCILIGI,similar,ANKARA MEDİPOL ÜNİVERSİTESİ,209210039
WEB TASARIMI VE KODLAMA,BILGISAYAR PROGRAMCILIGI,similar,ANKARA YILDIRIM BEYAZIT ÜNİVERSİTESİ,110090119
WEB TASARIMI VE KODLAMA,GRAFIK TASARIMI,similar,ANKARA YILDIRIM BEYAZIT ÜNİVERSİTESİ,110090122
WEB TASARIMI VE KODLAMA,BILGISAYAR PROGRAMCILIGI,similar,ANKARA ÜNİVERSİTESİ,101100584
WEB TASARIMI VE KODLAMA,GRAFIK TASARIMI,similar,ATILIM ÜNİVERSİTESİ (ANKARA),200211598
WEB TASARIMI VE KODLAMA,BILGISAYAR PROGRAMCILIGI,similar,BAŞKENT ÜNİVERSİTESİ (ANKARA),200651609
WEB TASARIMI VE KODLAMA,GRAFIK TASARIMI,similar,BAŞKENT ÜNİVERSİTESİ (ANKARA),200690028
WEB TASARIMI VE KODLAMA,BILGISAYAR PROGRAMCILIGI,similar,GAZİ ÜNİVERSİTESİ (ANKARA),104151003
WEB TASARIMI VE KODLAMA,BILGISAYAR PROGRAMCILIGI,similar,HACETTEPE ÜNİVERSİTESİ (ANKARA),104850652
WEB TASARIMI VE KODLAMA,BILGISAYAR PROGRAMCILIGI,similar,OSTİM TEKNİK ÜNİVERSİTESİ (ANKARA),209100108
WEB TASARIMI VE KODLAMA,BILGISAYAR PROGRAMCILIGI,similar,UFUK ÜNİVERSİTESİ (ANKARA),205850278
WEB TASARIMI VE KODLAMA,BILGISAYAR PROGRAMCILIGI,similar,YÜKSEK İHTİSAS ÜNİVERSİTESİ (ANKARA),207950125
WEB TASARIMI VE KODLAMA,GRAFIK TASARIMI,similar,YÜKSEK İHTİSAS ÜNİVERSİTESİ (ANKARA),207950279
WEB TASARIMI VE KODLAMA,BILGISAYAR PROGRAMCILIGI,similar,ÇANKAYA ÜNİVERSİTESİ (ANKARA),201190062
WEB TASARIMI VE KODLAMA,GRAFIK TASARIMI,similar,İHSAN DOĞRAMACI BİLKENT ÜNİVERSİTESİ (ANKARA),202190183
