isim,slug,kurulus,tur,il,bolge,website,eposta,telefon,fax,adres,rektor,profesor,docent,doktor,ogretim,arastirma,onlisanserkek,onlisanskadin,onlisanstoplam,lisanserkek,lisanskadin,lisanstoplam,yukseklisanserkek,yukseklisanskadin,yukseklisanstoplam,doktoraerkek,doktorakadin,doktoratoplam,toplamerkek,toplamkadin,toplam
ANKA TEKNOLOJİ ÜNİVERSİTESİ,anka-teknoloji-universitesi,18.06.2013,VAKIF,ANKARA,İÇ ANADOLU,-,-,0,-,-,- -,,,,,,,,,,,,,,,,,,,,
ANKARA BİLİM ÜNİVERSİTESİ,ankara-bilim-universitesi,17.04.2020,VAKIF,ANKARA,İÇ ANADOLU,www.ankarabilim.edu.tr,info@ankarabilim.edu.tr,3123970150,3123970150,Çamlıca Mah.Anadolu Bulv.No:16A/1 Yenimahalle Ankara,YAVUZ DEMİR,6.0,4.0,48.0,5.0,17.0,0.0,0.0,0.0,320.0,331.0,651.0,39.0,18.0,57.0,0.0,0.0,0.0,359.0,349.0,708.0
ANKARA HACI BAYRAM VELİ ÜNİVERSİTESİ,ankara-haci-bayram-veli-universitesi,18.05.2018,DEVLET,ANKARA,İÇ ANADOLU,https://hacibayram.edu.tr,hbv@hbv.edu.tr,+90 (312) 231 7360,3122313881,Ankara Hacı Bayram Veli Üniversitesi Yüce Tepe Mahallesi 85.Cadde No.8 06570 ,YUSUF TEKİN,307.0,171.0,210.0,156.0,226.0,577.0,1147.0,1724.0,8466.0,10509.0,18975.0,1291.0,1757.0,3048.0,1049.0,1139.0,2188.0,11383.0,14552.0,25935.0
ANKARA MEDİPOL ÜNİVERSİTESİ,ankara-medipol-universitesi,18.05.2018,VAKIF,ANKARA,İÇ ANADOLU,www.ankaramedipol.edu.tr,bilgi@ankaramedipol.edu.tr,4442010,3129201006,"Hacı Bayram Mahallesi, Talatpaşa Blv. No:2 06050 Altındağ/Ankara",AHMET ZEKİ ŞENGİL,23.0,14.0,144.0,72.0,33.0,629.0,948.0,1577.0,958.0,2016.0,2974.0,2.0,53.0,55.0,0.0,20.0,20.0,1589.0,3037.0,4626.0
ANKARA MÜZİK VE GÜZEL SANATLAR ÜNİVERSİTESİ,ankara-muzik-ve-guzel-sanatlar-universitesi,1.07.2017,DEVLET,ANKARA,İÇ ANADOLU,http://www.mgu.edu.tr,iletisim@mgu.edu.tr,3124860386,3124861795,Yukarı Dikmen Mah. Turan Güneş Bul. Neşet Ertaş Cad. No:4 Oran Ankara,ERHAN ÖZDEN,9.0,15.0,31.0,28.0,13.0,0.0,0.0,0.0,226.0,141.0,367.0,101.0,62.0,163.0,27.0,18.0,45.0,354.0,221.0,575.0
ANKARA SOSYAL BİLİMLER ÜNİVERSİTESİ,ankara-sosyal-bilimler-universitesi,31.01.2013,DEVLET,ANKARA,İÇ ANADOLU,http://www.asbu.edu.tr/,bilgi@asbu.edu.tr,3125964444,3125964424,Hükümet Meydanı No: 2 Ulus/ANKARA,MUSA KAZIM ARICAN,54.0,48.0,86.0,90.0,82.0,3.0,3.0,6.0,1165.0,1622.0,2787.0,548.0,483.0,1031.0,153.0,102.0,255.0,1869.0,2210.0,4079.0
ANKARA ÜNİVERSİTESİ,ankara-universitesi,13.06.1946,DEVLET,ANKARA,İÇ ANADOLU,http://www.ankara.edu.tr,ankara@ankara.edu.tr,3122234361,0312 2236370,Ankara Üniversitesi Rektörlüğü Tandoğan/ANKARA,NECDET ÜNÜVAR,1111.0,364.0,281.0,684.0,1307.0,4881.0,5042.0,9923.0,22339.0,25932.0,48271.0,2562.0,3189.0,5751.0,3007.0,3269.0,6276.0,32789.0,37432.0,70221.0
ANKARA YILDIRIM BEYAZIT ÜNİVERSİTESİ,ankara-yildirim-beyazit-universitesi,21.07.2010,DEVLET,ANKARA,İÇ ANADOLU,www.aybu.edu.tr,destek@ybu.edu.tr,3129061000,3129062950,Ankara Yıldırım Beyazıt Üniversitesi Esenboğa Külliyesi Dumlupınar Mahallesi ,İBRAHİM AYDINLI,285.0,211.0,264.0,239.0,382.0,1258.0,1762.0,3020.0,7126.0,9512.0,16638.0,1565.0,1682.0,3247.0,708.0,553.0,1261.0,10657.0,13509.0,24166.0
ATILIM ÜNİVERSİTESİ,atilim-universitesi,15.07.1997,VAKIF,ANKARA,İÇ ANADOLU,www.atilim.edu.tr,atiliminfo@atilim.edu.tr,3125868200,3125868091,Atılım Üniversitesi Kızılcaşar Mah. İncek Kampüsü Gölbaşı/İncek/ANKARA,MEHMET YILDIRIM ÜÇTUĞ,109.0,52.0,150.0,131.0,115.0,75.0,201.0,276.0,4687.0,3558.0,8245.0,474.0,436.0,910.0,104.0,101.0,205.0,5340.0,4296.0,9636.0
BAŞKENT ÜNİVERSİTESİ,baskent-universitesi,15.01.1994,VAKIF,ANKARA,İÇ ANADOLU,http://www.baskent.edu.tr,rektorlk@baskent.edu.tr,0312 234 12 15,0312 246 66 04,Bağlıca Kampüsü Fatih Sultan Mahallesi\nEskişehir Yolu 18.km TR 06790\n,- -,391.0,187.0,328.0,408.0,438.0,1250.0,1383.0,2633.0,5201.0,7077.0,12278.0,652.0,998.0,1650.0,254.0,359.0,613.0,7357.0,9817.0,17174.0
ÇANKAYA ÜNİVERSİTESİ,cankaya-universitesi,15.07.1997,VAKIF,ANKARA,İÇ ANADOLU,http://www.cankaya.edu.tr/,webadmin@cankaya.edu.tr,03122331000 - 03122844500,03122331029-03122864078,"Çankaya Üniversitesi  Merkez Kampüs : Eskişehir Yolu 29. Km Yukarıyurtçu Mahallesi, ",CAN ÇOĞUN,58.0,33.0,76.0,96.0,35.0,115.0,80.0,195.0,3047.0,2527.0,5574.0,369.0,355.0,724.0,32.0,34.0,66.0,3563.0,2996.0,6559.0
GAZİ ÜNİVERSİTESİ,gazi-universitesi,20.07.1982,DEVLET,ANKARA,İÇ ANADOLU,http://gazi.edu.tr/,ozelkalem@gazi.edu.tr,03122126840-03122022000,0312 221 32 02,Gazi Üniversitesi Rektörlüğü 06500 Teknikokullar / Ankara,MUSA YILDIZ,1016.0,383.0,272.0,488.0,1143.0,2076.0,1440.0,3516.0,12427.0,14059.0,26486.0,2797.0,3221.0,6018.0,1697.0,1995.0,3692.0,18997.0,20715.0,39712.0
HACETTEPE ÜNİVERSİTESİ,hacettepe-universitesi,8.07.1967,DEVLET,ANKARA,İÇ ANADOLU,http://hacettepe.edu.tr,ozelkalem@hacettepe.edu.tr,3123051001,3123104051,Hacettepe Üniversitesi Rektörlüğü Sıhhıye/ANKARA,MEHMET CAHİT GÜRAN,946.0,331.0,531.0,618.0,1594.0,3004.0,2382.0,5386.0,16526.0,21002.0,37528.0,2543.0,3400.0,5943.0,1811.0,2516.0,4327.0,23884.0,29300.0,53184.0
İHSAN DOĞRAMACI BİLKENT ÜNİVERSİTESİ,ihsan-dogramaci-bilkent-universitesi,22.05.1985,VAKIF,ANKARA,İÇ ANADOLU,http://www.bilkent.edu.tr/,bilinfo@bilkent.edu.tr,3122664120,0312 266 41 27,BİLKENT ÜNİVERSİTESİ 06800 BİLKENT/ANKARA,ABDURRAHMAN KÜRŞAT AYDOĞAN,104.0,74.0,192.0,357.0,8.0,0.0,0.0,0.0,5594.0,5031.0,10625.0,383.0,404.0,787.0,212.0,197.0,409.0,6189.0,5632.0,11821.0
LOKMAN HEKİM ÜNİVERSİTESİ,lokman-hekim-universitesi,20.12.2017,VAKIF,ANKARA,İÇ ANADOLU,www.lokmanhekim.edu.tr,info@lokmanhekim.edu.tr,3122800808,312 280 0808,Söğütözü Mah. 2179. Cad. No:6 Çankaya Ankara,BÜLENT GÜMÜŞEL,73.0,35.0,91.0,33.0,43.0,347.0,1042.0,1389.0,841.0,2078.0,2919.0,32.0,81.0,113.0,8.0,11.0,19.0,1228.0,3212.0,4440.0
ORTA DOĞU TEKNİK ÜNİVERSİTESİ,orta-dogu-teknik-universitesi,15.11.1956,DEVLET,ANKARA,İÇ ANADOLU,http://www.metu.edu.tr,gensek@metu.edu.tr,3122101100,2101105,Orta Doğu Teknik Üniversitesi Üniversiteler Mah.Dumlupınar Blv.No:1 ,MUSTAFA VERŞAN KÖK,391.0,176.0,246.0,572.0,756.0,7.0,0.0,7.0,13635.0,9196.0,22831.0,2780.0,2351.0,5131.0,1655.0,1593.0,3248.0,18077.0,13140.0,31217.0
OSTİM TEKNİK ÜNİVERSİTESİ,ostim-teknik-universitesi,1.07.2017,VAKIF,ANKARA,İÇ ANADOLU,www.ostimteknik.edu.tr,esra.demirci@ostimteknik.edu.tr,3123861092,3123543993,"OSTİM Teknik Üniversitesi OSTİM, 06374 Ankara",MURAT ALİ YÜLEK,27.0,8.0,75.0,37.0,24.0,929.0,160.0,1089.0,1652.0,659.0,2311.0,108.0,36.0,144.0,0.0,0.0,0.0,2689.0,855.0,3544.0
TED ÜNİVERSİTESİ,ted-universitesi,7.07.2009,VAKIF,ANKARA,İÇ ANADOLU,http://www.tedu.edu.tr,info@tedu.edu.tr,3125850000,3124184148,"TED Üniversitesi, Ziya Gökalp Caddesi No.48 06420, Kolej Çankaya ANKARA",İHSAN SABUNCUOĞLU,32.0,19.0,103.0,79.0,78.0,0.0,0.0,0.0,1775.0,2757.0,4532.0,58.0,148.0,206.0,0.0,6.0,6.0,1833.0,2911.0,4744.0
TOBB EKONOMİ VE TEKNOLOJİ ÜNİVERSİTESİ,tobb-ekonomi-ve-teknoloji-universitesi,1.07.2003,VAKIF,ANKARA,İÇ ANADOLU,www.etu.edu.tr,bilgi@etu.edu.tr,3122924005,3122924099,SÖĞÜTÖZÜ CADDESİ NO:43 ÇANKAYA/ANKARA,YUSUF SARINAY,98.0,41.0,92.0,82.0,26.0,0.0,0.0,0.0,2548.0,2375.0,4923.0,298.0,255.0,553.0,83.0,47.0,130.0,2929.0,2677.0,5606.0
TÜRK HAVA KURUMU ÜNİVERSİTESİ,turk-hava-kurumu-universitesi,3.03.2011,VAKIF,ANKARA,İÇ ANADOLU,http://www.thk.edu.tr,rektor@thk.edu.tr,0312 444 84 58,0312 342 84 60,Bahçekapı Mahallesi Okul Sokak No:11 Etimesgut / ANKARA,HASAN ERBAY,7.0,13.0,38.0,60.0,22.0,429.0,202.0,631.0,1571.0,745.0,2316.0,35.0,22.0,57.0,24.0,4.0,28.0,2059.0,973.0,3032.0
UFUK ÜNİVERSİTESİ,ufuk-universitesi,18.12.1999,VAKIF,ANKARA,İÇ ANADOLU,http://www.ufuk.edu.tr,ozelkalem@ufuk.edu.tr,3125867041,3125867124,Ufuk Üniversitesi Rektörlüğü  Kızılcaşar Mahallesi İncek Bulvarı 06836 ,SERTAÇ HAMİ BAŞEREN,68.0,28.0,68.0,48.0,130.0,609.0,768.0,1377.0,982.0,1599.0,2581.0,201.0,307.0,508.0,7.0,5.0,12.0,1799.0,2679.0,4478.0
YÜKSEK İHTİSAS ÜNİVERSİTESİ,yuksek-ihtisas-universitesi,2.08.2013,VAKIF,ANKARA,İÇ ANADOLU,Yüksek İhtisas Üniversitesi,yiu@yiu.edu.tr,0312 329 1010,0312 329 1015,İşçi blokları mahallesi 1505. sokak Çankaya/ANKARA,MUSTAFA PAÇ,85.0,16.0,96.0,44.0,11.0,265.0,522.0,787.0,376.0,788.0,1164.0,2.0,5.0,7.0,0.0,0.0,0.0,643.0,1315.0,1958.0
